Date,Walking_Speed_kmh,Walking_Step_Length_cm,Walking_Asymmetry_pct,Walking_Double_Support_pct,Flights_Climbed,Resting_Heart_Rate_bpm
2026-06-06,4.36,62.4,1.08,27.8,28.0,66.0
2026-06-07,4.53,64.2,1.67,27.7,6.0,73.0
2026-06-08,4.32,64.3,1.41,28.2,19.0,57.0
2026-06-09,4.18,63.6,1.41,28.1,48.0,60.0
2026-06-10,4.01,60.8,2.77,28.7,40.0,54.0
2026-06-11,4.29,64.5,1.0,28.2,39.0,50.0
2026-06-12,4.43,64.3,0.88,27.7,34.0,
2026-06-13,4.12,62.4,1.12,28.6,15.0,
2026-06-14,4.08,60.9,2.42,28.5,16.0,59.0
2026-06-15,4.14,61.8,2.2,28.6,10.0,52.0
2026-06-16,4.03,60.5,1.0,28.8,42.0,54.0
2026-06-17,3.77,57.6,3.54,29.2,39.0,65.0
2026-06-18,3.94,60.4,1.82,29.1,62.0,52.0
2026-06-19,4.03,60.8,3.31,28.8,29.0,56.0
2026-06-20,4.5,65.7,0.75,27.5,20.0,
2026-06-21,4.2,62.3,0.65,28.5,22.0,60.0
2026-06-22,4.28,64.0,0.09,28.1,17.0,61.0
2026-06-23,3.93,62.7,3.94,28.3,44.0,53.0
2026-06-24,4.2,63.7,0.35,28.4,29.0,51.0
2026-06-25,3.99,61.5,1.95,28.9,43.0,51.0
2026-06-26,4.04,60.9,1.07,28.6,37.0,51.0
2026-06-27,3.77,57.9,2.2,29.3,21.0,59.0
2026-06-28,3.98,57.0,4.47,28.5,16.0,74.0
2026-06-29,3.67,56.2,,29.0,3.0,
2026-06-30,4.13,60.7,0.46,28.4,14.0,78.0
2026-07-01,4.34,64.6,0.62,28.2,14.0,58.0
2026-07-02,4.33,64.8,0.5,28.2,55.0,50.0
2026-07-03,4.14,61.8,0.64,28.3,45.0,49.0
2026-07-04,4.11,59.0,1.96,28.7,27.0,
2026-07-05,4.28,62.8,0.87,28.4,44.0,56.0
2026-07-06,3.78,58.1,3.96,29.3,28.9,53.0
2026-07-07,3.89,59.2,1.31,29.0,61.2,47.0
2026-07-08,4.21,63.2,1.29,28.3,49.9,55.0
2026-07-09,4.16,61.6,0.37,28.8,47.7,51.0
2026-07-10,4.03,61.7,1.32,28.6,27.0,52.0
2026-07-11,4.04,60.6,0.53,28.8,26.8,56.0
2026-07-12,3.7,54.5,2.23,28.9,30.2,56.0
2026-07-13,3.54,53.5,6.0,29.4,21.0,
2026-07-14,4.26,65.5,0.82,28.9,9.0,
2026-07-15,4.15,61.6,2.14,28.5,37.1,77.0
2026-07-16,3.97,60.3,4.92,28.9,19.8,62.0
2026-07-17,3.93,59.4,2.69,28.6,41.5,55.0
2026-07-18,3.68,58.4,4.22,29.3,41.8,65.0
2026-07-19,4.25,63.2,0.88,28.5,28.9,60.0
2026-07-20,4.29,63.1,1.6,28.2,34.2,50.0
2026-07-21,4.32,66.5,0.0,28.2,20.3,50.0
2026-07-22,4.21,63.4,0.73,28.4,32.0,51.0
2026-07-23,4.29,62.8,1.04,28.2,68.8,51.0
2026-07-24,4.35,63.8,0.3,27.9,18.1,
2026-07-25,4.32,64.6,2.0,28.1,21.4,56.0
2026-07-26,3.6,59.1,2.06,30.1,20.0,56.0
2026-07-27,4.25,62.8,1.82,28.5,25.9,57.0
2026-07-28,4.02,64.2,0.53,29.1,27.6,57.0
2026-07-29,3.85,57.5,0.33,28.6,27.1,58.0
2026-07-30,4.14,63.2,0.33,29.0,34.4,54.0
2026-07-31,5.06,73.3,0.31,26.4,11.0,
2026-08-01,4.09,62.5,0.65,28.8,37.2,60.0
2026-08-02,4.49,68.9,0.61,27.6,9.1,64.0
2026-08-03,4.36,66.7,1.02,28.1,526.8,49.0
2026-08-04,4.53,68.7,2.16,27.9,320.2,53.0
2026-08-05,3.69,60.6,0.89,30.0,15.0,55.0
2026-08-06,4.0,60.8,0.46,28.8,2.2,52.0
2026-08-07,3.77,59.5,2.76,29.3,66.4,52.0
2026-08-08,3.76,58.5,0.84,29.5,5.4,52.0
2026-08-09,4.15,63.8,1.1,28.6,15.6,52.0
2026-08-10,4.12,63.5,2.81,28.9,48.9,56.0
2026-08-11,3.89,60.4,1.33,29.4,15.7,60.0
2026-08-12,4.74,70.7,2.11,27.5,470.6,50.0
2026-08-13,3.76,58.9,3.88,28.7,60.0,57.0
2026-08-14,3.8,59.5,4.12,28.9,307.6,51.0
2026-08-15,4.11,63.0,1.46,28.6,46.3,51.0
2026-08-16,3.73,59.4,5.15,29.6,27.7,58.0
2026-08-17,3.99,61.6,1.2,28.8,47.7,52.0
2026-08-18,4.23,65.0,0.85,28.5,31.7,50.0
2026-08-19,4.14,63.1,1.45,28.4,42.8,52.0
2026-08-20,4.0,61.2,0.11,28.9,26.0,
2026-08-21,3.98,57.9,1.6,28.7,9.0,
2026-08-22,3.78,58.6,4.28,29.3,17.0,
2026-08-23,,,,,,
2026-08-24,3.8,64.0,3.0,28.8,10.0,
2026-08-25,4.16,64.3,2.53,28.8,19.6,56.0
2026-08-26,4.42,65.0,0.96,28.1,49.3,58.0
2026-08-27,4.32,65.3,1.44,28.4,30.9,55.0
2026-08-28,3.77,59.5,3.3,29.1,24.5,60.0
2026-08-29,4.21,62.1,2.25,28.0,33.2,60.0
2026-08-30,4.0,56.5,4.38,28.3,19.8,61.0
2026-08-31,4.26,63.5,0.96,28.4,36.9,59.0
2026-09-01,4.04,60.2,4.07,28.3,39.6,54.0
2026-09-02,4.49,66.2,0.73,28.0,39.9,57.0
2026-09-03,4.2,62.9,1.08,28.8,16.6,61.0
2026-09-04,4.45,65.1,0.23,28.1,19.0,62.0
2026-09-05,3.86,62.4,2.62,29.0,13.0,
2026-09-06,3.53,59.7,2.93,30.4,12.0,63.0
2026-09-07,4.25,64.1,1.87,28.5,15.8,54.0
2026-09-08,3.95,63.7,3.94,29.3,31.5,63.0
2026-09-09,3.86,61.6,2.41,29.2,29.8,56.0
2026-09-10,4.45,68.3,4.57,27.8,21.1,64.0
2026-09-11,4.07,64.6,0.74,29.0,24.4,55.0
2026-09-12,4.01,60.0,3.15,28.6,10.0,
2026-09-13,4.04,62.6,1.0,29.3,33.5,56.0
2026-09-14,4.13,64.4,2.06,28.8,24.1,51.0
2026-09-15,4.05,63.1,1.89,28.7,22.9,51.0
