Date,Steps,Distance_km,Active_Energy_kcal,Resting_Heart_Rate_bpm
2017-06-09,1965,1.34,0.0,
2017-06-10,4061,2.39,0.0,
2017-06-11,2879,1.6,0.0,
2017-06-12,231,0.15,0.0,
2017-06-13,1474,0.81,0.0,
2017-06-14,5916,3.4,0.0,
2017-06-15,388,0.22,0.0,
2017-06-16,1772,0.92,0.0,
2017-06-17,2095,1.15,0.0,
2017-06-18,5917,3.41,0.0,
2017-06-19,4601,2.38,0.0,
2017-06-20,8308,4.61,0.0,
2017-06-21,7630,4.17,0.0,
2017-06-22,1131,0.55,0.0,
2017-06-23,3325,1.75,0.0,
2017-06-24,3175,1.85,0.0,
2017-06-25,18231,10.66,0.0,
2017-06-26,13085,7.17,0.0,
2017-06-27,22215,12.65,0.0,
2017-06-28,4910,3.06,0.0,
2017-06-29,4784,2.88,0.0,
2017-06-30,8314,4.85,0.0,
2017-07-01,17694,10.45,0.0,
2017-07-02,14093,8.51,0.0,
2017-07-03,580,0.29,0.0,
2017-07-04,566,0.29,0.0,
2017-07-05,5466,3.17,0.0,
2017-07-06,11526,7.1,0.0,
2017-07-07,6824,3.79,0.0,
2017-07-08,2370,1.54,0.0,
2017-07-09,3280,1.84,0.0,
2017-07-10,9068,5.51,0.0,
2017-07-11,5841,3.22,0.0,
2017-07-12,8143,4.51,0.0,
2017-07-13,7383,3.85,0.0,
2017-07-14,342,0.19,0.0,
2017-07-15,3198,1.69,0.0,
2017-07-16,1124,0.59,0.0,
2017-07-17,4289,2.38,0.0,
2017-07-18,5711,3.33,0.0,
2017-07-19,11978,7.19,0.0,
2017-07-20,1978,1.24,0.0,
2017-07-21,5185,2.93,0.0,
2017-07-22,7646,4.25,0.0,
2017-07-23,4727,2.75,0.0,
2017-07-24,4612,2.67,0.0,
2017-07-25,11494,6.5,0.0,
2017-07-26,2198,1.18,0.0,
2017-07-27,7644,4.04,0.0,
2017-07-28,11777,6.46,0.0,
2017-07-29,987,0.59,0.0,
2017-07-30,406,0.19,0.0,
2017-07-31,14647,7.86,0.0,
2017-08-01,4989,2.46,0.0,
2017-08-02,1124,0.62,0.0,
2017-08-03,9798,5.49,0.0,
2017-08-04,4404,2.29,0.0,
2017-08-05,5157,2.77,0.0,
2017-08-06,1799,1.04,0.0,
2017-08-07,256,0.14,0.0,
2017-08-08,1056,0.61,0.0,
2017-08-09,1536,0.89,0.0,
2017-08-10,858,0.45,0.0,
2017-08-11,3649,2.54,0.0,
2017-08-12,4327,2.49,0.0,
2017-08-13,888,0.54,0.0,
2017-08-14,1408,0.82,0.0,
2017-08-15,486,0.29,0.0,
2017-08-16,5008,3.03,0.0,
2017-08-17,597,0.37,0.0,
2017-08-18,661,0.4,0.0,
2017-08-19,2539,1.39,0.0,
2017-08-20,765,0.38,0.0,
2017-08-21,1852,0.98,0.0,
2017-08-22,1812,1.03,0.0,
2017-08-23,1022,0.58,0.0,
2017-08-24,520,0.3,0.0,
2017-08-25,845,0.56,0.0,
2017-08-26,6108,3.72,0.0,
2017-08-27,2833,1.75,0.0,
2017-08-28,640,0.4,0.0,
2017-08-29,729,0.49,0.0,
2017-08-30,683,0.4,0.0,
2017-08-31,2441,1.42,0.0,
2017-09-01,851,0.6,0.0,
2017-09-02,1901,1.07,0.0,
2017-09-03,1489,0.73,0.0,
2017-09-04,714,0.43,0.0,
2017-09-05,4404,3.0,0.0,
2017-09-06,1405,0.91,0.0,
2017-09-07,2542,1.69,0.0,
2017-09-08,4120,3.05,0.0,
2017-09-09,3268,2.11,0.0,
2017-09-10,1346,0.79,0.0,
2017-09-11,8163,4.77,0.0,
2017-09-12,8653,5.22,0.0,
2017-09-13,2938,1.89,0.0,
2017-09-14,2759,1.78,0.0,
2017-09-15,244,0.15,0.0,
2017-09-16,883,0.48,0.0,
2017-09-17,3195,1.94,0.0,
2017-09-18,142,0.1,0.0,
2017-09-19,651,0.4,0.0,
2017-09-20,1233,0.76,0.0,
2017-09-21,1098,0.7,0.0,
2017-09-22,371,0.25,0.0,
2017-09-23,3391,1.86,0.0,
2017-09-24,2007,1.12,0.0,
2017-09-25,443,0.28,0.0,
2017-09-26,752,0.55,0.0,
2017-09-27,1337,0.8,0.0,
2017-09-28,4705,2.82,0.0,
2017-09-29,5318,2.96,0.0,
2017-09-30,3414,1.94,0.0,
2017-10-01,1383,0.82,0.0,
2017-10-02,6265,3.69,0.0,
2017-10-03,5121,3.21,0.0,
2017-10-04,3737,2.3,0.0,
2017-10-05,5247,3.05,0.0,
2017-10-06,4648,2.77,0.0,
2017-10-07,1754,0.95,0.0,
2017-10-08,1796,1.03,0.0,
2017-10-09,8780,5.44,0.0,
2017-10-10,4444,2.62,0.0,
2017-10-11,3274,1.95,0.0,
2017-10-12,5124,3.07,0.0,
2017-10-13,3766,2.2,0.0,
2017-10-14,1610,0.92,0.0,
2017-10-15,3864,2.07,0.0,
2017-10-16,5718,3.46,0.0,
2017-10-17,5064,2.99,0.0,
2017-10-18,6146,3.84,0.0,
2017-10-19,4886,3.02,0.0,
2017-10-20,6864,3.96,0.0,
2017-10-21,2139,1.29,0.0,
2017-10-22,3415,1.85,0.0,
2017-10-23,864,0.46,0.0,
2017-10-24,1148,0.7,0.0,
2017-10-25,1116,0.65,0.0,
2017-10-26,754,0.47,0.0,
2017-10-27,2757,1.66,0.0,
2017-10-28,10811,6.51,0.0,
2017-10-29,6135,3.47,0.0,
2017-10-30,5330,3.31,0.0,
2017-10-31,6720,4.21,0.0,
2017-11-01,13108,8.53,0.0,
2017-11-02,4718,3.53,0.0,
2017-11-03,6589,4.36,0.0,
2017-11-04,4174,2.43,0.0,
2017-11-05,368,0.22,0.0,
2017-11-06,5746,3.44,0.0,
2017-11-07,3705,2.21,0.0,
2017-11-08,5958,3.79,0.0,
2017-11-09,4480,2.78,0.0,
2017-11-10,5198,3.2,0.0,
2017-11-11,2143,1.27,0.0,
2017-11-12,633,0.43,0.0,
2017-11-13,5387,3.38,0.0,
2017-11-14,4293,2.63,0.0,
2017-11-15,2247,1.31,0.0,
2017-11-16,5618,3.36,0.0,
2017-11-17,4542,2.71,0.0,
2017-11-18,2628,1.57,0.0,
2017-11-19,758,0.44,0.0,
2017-11-20,5034,3.05,0.0,
2017-11-21,3450,1.98,0.0,
2017-11-22,3443,2.09,0.0,
2017-11-23,5867,3.55,0.0,
2017-11-24,4032,2.49,0.0,
2017-11-25,4669,2.68,0.0,
2017-11-26,10963,6.99,0.0,
2017-11-27,6671,4.23,0.0,
2017-11-28,4738,3.05,0.0,
2017-11-29,5378,3.25,0.0,
2017-11-30,6333,3.98,0.0,
2017-12-01,3607,2.2,0.0,
2017-12-02,5853,3.4,0.0,
2017-12-03,940,0.56,0.0,
2017-12-04,6240,3.48,0.0,
2017-12-05,4982,3.0,0.0,
2017-12-06,3780,2.34,0.0,
2017-12-07,6140,3.76,0.0,
2017-12-08,4213,2.4,0.0,
2017-12-09,4980,2.89,0.0,
2017-12-10,2063,1.21,0.0,
2017-12-11,5651,3.47,0.0,
2017-12-12,7448,4.68,0.0,
2017-12-13,5499,3.3,0.0,
2017-12-14,6996,4.38,0.0,
2017-12-15,5299,3.08,0.0,
2017-12-16,6342,3.67,0.0,
2017-12-17,5930,3.4,0.0,
2017-12-18,5977,3.6,0.0,
2017-12-19,1874,1.16,0.0,
2017-12-20,6098,3.68,0.0,
2017-12-21,9375,6.09,0.0,
2017-12-22,2456,1.47,0.0,
2017-12-23,9167,5.19,0.0,
2017-12-24,2120,1.38,0.0,
2017-12-25,2564,1.73,0.0,
2017-12-26,5477,3.31,0.0,
2017-12-27,5971,3.7,0.0,
2017-12-28,5924,3.76,0.0,
2017-12-29,4139,2.77,0.0,
2017-12-30,6853,4.54,0.0,
2017-12-31,3388,1.96,0.0,
2018-01-01,4142,2.81,0.0,
2018-01-02,3425,1.76,0.0,
2018-01-03,498,0.3,0.0,
2018-01-04,5389,3.2,0.0,
2018-01-05,3782,2.31,0.0,
2018-01-06,3612,2.21,0.0,
2018-01-07,1331,0.88,0.0,
2018-01-08,5937,3.76,0.0,
2018-01-09,3930,2.43,0.0,
2018-01-10,2777,1.55,0.0,
2018-01-11,4644,2.67,0.0,
2018-01-12,2289,1.35,0.0,
2018-01-13,87,0.06,0.0,
2018-01-14,964,0.59,0.0,
2018-01-15,8374,5.06,0.0,
2018-01-16,5309,3.08,0.0,
2018-01-17,7805,4.62,0.0,
2018-01-18,5729,3.77,0.0,
2018-01-19,4803,2.89,0.0,
2018-01-20,3103,1.83,0.0,
2018-01-21,1561,0.88,0.0,
2018-01-22,4400,2.63,0.0,
2018-01-23,4037,2.59,0.0,
2018-01-24,3664,2.23,0.0,
2018-01-25,4658,2.86,0.0,
2018-01-26,4595,2.96,0.0,
2018-01-27,1972,1.25,0.0,
2018-01-28,1185,0.69,0.0,
2018-01-29,8285,5.22,0.0,
2018-01-30,4269,2.68,0.0,
2018-01-31,4853,2.94,0.0,
2018-02-01,6092,3.75,0.0,
2018-02-02,3954,2.7,0.0,
2018-02-03,1797,1.04,0.0,
2018-02-04,4381,2.64,0.0,
2018-02-05,5377,3.46,0.0,
2018-02-06,7672,4.92,0.0,
2018-02-07,2591,1.82,0.0,
2018-02-08,7637,4.68,0.0,
2018-02-09,20,0.0,0.0,
2018-02-10,422,0.27,0.0,
2018-02-11,2151,1.25,0.0,
2018-02-12,570,0.32,0.0,
2018-02-13,12603,8.92,0.0,
2018-02-14,18145,12.22,0.0,
2018-02-15,4775,3.51,0.0,
2018-02-16,2510,1.85,0.0,
2018-02-17,2823,1.49,0.0,
2018-02-18,6160,3.43,0.0,
2018-02-19,6351,3.96,0.0,
2018-02-20,3649,2.56,0.0,
2018-02-21,6679,4.07,0.0,
2018-02-22,3947,2.29,0.0,
2018-02-23,6252,3.61,0.0,
2018-02-24,4520,2.69,0.0,
2018-02-25,2946,1.95,0.0,
2018-02-26,7124,4.8,0.0,
2018-02-27,6590,4.48,0.0,
2018-02-28,1165,0.87,0.0,
2018-03-01,4874,3.46,0.0,
2018-03-02,5581,3.87,0.0,
2018-03-03,839,0.59,0.0,
2018-03-04,3966,2.86,0.0,
2018-03-05,7314,5.03,0.0,
2018-03-06,5030,3.29,0.0,
2018-03-07,4583,2.87,0.0,
2018-03-08,5428,3.61,0.0,
2018-03-09,4843,3.25,0.0,
2018-03-10,7792,5.1,0.0,
2018-03-11,4384,2.88,0.0,
2018-03-12,7220,4.72,0.0,
2018-03-13,5970,4.06,0.0,
2018-03-14,4142,2.68,0.0,
2018-03-15,9257,6.09,0.0,
2018-03-16,4763,3.32,0.0,
2018-03-17,1746,1.18,0.0,
2018-03-18,3029,2.07,0.0,
2018-03-19,9227,6.02,0.0,
2018-03-20,7894,5.35,0.0,
2018-03-21,2817,1.95,0.0,
2018-03-22,8069,5.75,0.0,
2018-03-23,5461,3.67,0.0,
2018-03-24,3978,2.61,0.0,
2018-03-25,2855,1.93,0.0,
2018-03-26,579,0.43,0.0,
2018-03-27,979,0.72,0.0,
2018-03-28,1584,1.11,0.0,
2018-03-29,1968,1.45,0.0,
2018-03-30,1821,1.2,0.0,
2018-03-31,4060,2.71,0.0,
2018-04-01,1340,0.92,0.0,
2018-04-02,1918,1.24,0.0,
2018-04-03,1176,0.79,0.0,
2018-04-04,10146,7.23,0.0,
2018-04-05,3054,2.06,0.0,
2018-04-06,8700,6.0,0.0,
2018-04-07,3515,2.35,0.0,
2018-04-08,11155,7.7,0.0,
2018-04-09,7410,4.93,0.0,
2018-04-10,4701,3.1,0.0,
2018-04-11,3939,2.56,0.0,
2018-04-12,6318,4.15,0.0,
2018-04-13,7870,5.08,0.0,
2018-04-14,4723,3.08,0.0,
2018-04-15,452,0.31,0.0,
2018-04-16,5825,3.96,0.0,
2018-04-17,7009,4.65,0.0,
2018-04-18,3930,2.55,0.0,
2018-04-19,5674,3.85,0.0,
2018-04-20,6163,4.14,0.0,
2018-04-21,5969,3.87,0.0,
2018-04-22,5532,4.08,0.0,
2018-04-23,6574,4.21,0.0,
2018-04-24,13822,8.88,0.0,
2018-04-25,9599,6.58,0.0,
2018-04-26,10358,6.87,0.0,
2018-04-27,5149,3.36,0.0,
2018-04-28,4791,3.21,0.0,
2018-04-29,6467,4.09,0.0,
2018-04-30,5235,3.67,0.0,
2018-05-01,3714,2.58,0.0,
2018-05-02,3952,2.62,0.0,
2018-05-03,9495,6.45,0.0,
2018-05-04,4966,3.34,0.0,
2018-05-05,6507,4.3,0.0,
2018-05-06,1753,1.17,0.0,
2018-05-07,6025,3.82,0.0,
2018-05-08,1172,0.78,0.0,
2018-05-09,2796,2.03,0.0,
2018-05-10,2088,1.42,0.0,
2018-05-11,2707,1.92,0.0,
2018-05-12,4250,2.67,0.0,
2018-05-13,2952,2.06,0.0,
2018-05-14,7208,4.75,0.0,
2018-05-15,5235,3.61,0.0,
2018-05-16,3508,2.4,0.0,
2018-05-17,6846,4.62,0.0,
2018-05-18,5075,3.51,0.0,
2018-05-19,5915,3.76,0.0,
2018-05-20,2181,1.44,0.0,
2018-05-21,2375,1.66,0.0,
2018-05-22,1418,0.89,0.0,
2018-05-23,5755,3.66,0.0,
2018-05-24,6707,4.2,0.0,
2018-05-25,3671,2.32,0.0,
2018-05-26,2964,1.94,0.0,
2018-05-27,3163,2.14,0.0,
2018-05-28,3184,2.12,0.0,
2018-05-29,1884,1.41,0.0,
2018-05-30,3211,2.2,0.0,
2018-05-31,1384,1.0,0.0,
2018-06-01,4764,3.35,0.0,
2018-06-02,4806,3.18,0.0,
2018-06-03,1585,1.12,0.0,
2018-06-04,781,0.53,0.0,
2018-06-05,2098,1.53,0.0,
2018-06-06,2094,1.49,0.0,
2018-06-07,3349,2.39,0.0,
2018-06-08,3429,2.41,0.0,
2018-06-09,3004,2.03,0.0,
2018-06-10,4613,2.99,0.0,
2018-06-11,1717,1.26,0.0,
2018-06-12,1006,0.75,0.0,
2018-06-13,1717,1.18,0.0,
2018-06-14,2222,1.54,0.0,
2018-06-15,2425,1.7,0.0,
2018-06-16,4039,2.66,0.0,
2018-06-17,4340,2.68,0.0,
2018-06-18,2302,1.55,0.0,
2018-06-19,1562,1.12,0.0,
2018-06-20,2889,1.94,0.0,
2018-06-21,2415,1.57,0.0,
2018-06-22,888,0.65,0.0,
2018-06-23,6946,4.55,0.0,
2018-06-24,2077,1.46,0.0,
2018-06-25,721,0.49,0.0,
2018-06-26,734,0.52,0.0,
2018-06-27,1861,1.25,0.0,
2018-06-28,1925,1.28,0.0,
2018-06-29,2734,1.88,0.0,
2018-06-30,9570,6.55,0.0,
2018-07-01,1363,0.94,0.0,
2018-07-02,1148,0.79,0.0,
2018-07-03,2293,1.61,0.0,
2018-07-04,1022,0.71,0.0,
2018-07-05,1206,0.81,0.0,
2018-07-06,6651,4.22,0.0,
2018-07-07,8253,5.53,0.0,
2018-07-08,5103,3.16,0.0,
2018-07-09,2820,1.93,0.0,
2018-07-10,2290,1.64,0.0,
2018-07-11,2421,1.63,0.0,
2018-07-12,837,0.58,0.0,
2018-07-13,5099,3.31,0.0,
2018-07-14,7411,4.7,0.0,
2018-07-15,8134,5.28,0.0,
2018-07-16,17906,11.04,0.0,
2018-07-17,14499,9.91,0.0,
2018-07-18,19665,11.91,0.0,
2018-07-19,12225,7.94,0.0,
2018-07-20,16618,10.94,0.0,
2018-07-21,18765,11.77,0.0,
2018-07-22,17524,10.7,0.0,
2018-07-23,13411,8.84,0.0,
2018-07-24,12278,8.01,0.0,
2018-07-25,18138,11.83,0.0,
2018-07-26,11955,7.42,0.0,
2018-07-27,10855,7.38,0.0,
2018-07-28,17686,11.81,0.0,
2018-07-29,8116,5.1,0.0,
2018-07-30,17649,12.63,0.0,
2018-07-31,10706,7.21,0.0,
2018-08-01,11780,7.23,0.0,
2018-08-02,10211,7.2,0.0,
2018-08-03,12754,8.74,0.0,
2018-08-04,19646,13.72,0.0,
2018-08-05,13611,9.98,0.0,
2018-08-06,13040,8.87,0.0,
2018-08-07,6977,4.62,0.0,
2018-08-08,17687,11.95,0.0,
2018-08-09,7581,5.16,0.0,
2018-08-10,11247,7.73,0.0,
2018-08-11,18178,13.45,0.0,
2018-08-12,12091,7.56,0.0,
2018-08-13,14012,8.66,0.0,
2018-08-14,12872,7.79,0.0,
2018-08-15,17695,11.21,0.0,
2018-08-16,5609,3.61,0.0,
2018-08-17,12180,7.81,0.0,
2018-08-18,9728,6.13,0.0,
2018-08-19,7211,4.55,0.0,
2018-08-20,7058,4.87,0.0,
2018-08-21,11191,7.65,0.0,
2018-08-22,11778,7.47,0.0,
2018-08-23,7598,4.91,0.0,
2018-08-24,12187,8.14,0.0,
2018-08-25,12559,8.73,0.0,
2018-08-26,2389,1.56,0.0,
2018-08-27,6832,5.03,0.0,
2018-08-28,8529,5.71,0.0,
2018-08-29,12916,9.23,0.0,
2018-08-30,9604,6.46,0.0,
2018-08-31,5048,2.97,0.0,
2018-09-01,7029,4.54,0.0,
2018-09-02,3967,2.7,0.0,
2018-09-03,1434,1.0,0.0,
2018-09-04,3568,2.22,0.0,
2018-09-05,1711,1.34,0.0,
2018-09-06,1130,0.76,0.0,
2018-09-07,3520,2.36,0.0,
2018-09-08,1961,1.25,0.0,
2018-09-09,3572,2.25,0.0,
2018-09-10,8208,5.25,0.0,
2018-09-11,5600,3.83,0.0,
2018-09-12,4228,2.8,0.0,
2018-09-13,2546,1.98,0.0,
2018-09-14,7405,4.9,0.0,
2018-09-15,5318,3.29,0.0,
2018-09-16,2715,1.76,0.0,
2018-09-17,9037,5.88,0.0,
2018-09-18,3754,2.53,0.0,
2018-09-19,4712,2.94,0.0,
2018-09-20,7585,4.9,0.0,
2018-09-21,3481,2.22,0.0,
2018-09-22,500,0.35,0.0,
2018-09-23,1644,1.06,0.0,
2018-09-24,6730,4.76,0.0,
2018-09-25,5393,3.63,0.0,
2018-09-26,3882,2.47,0.0,
2018-09-27,441,0.31,0.0,
2018-09-28,2578,1.88,0.0,
2018-09-29,2770,1.86,0.0,
2018-09-30,1965,1.35,0.0,
2018-10-01,5661,3.6,0.0,
2018-10-02,4616,3.15,0.0,
2018-10-03,8362,5.68,0.0,
2018-10-04,14332,9.25,0.0,
2018-10-06,3447,2.32,0.0,
2018-10-07,1784,1.18,0.0,
2018-10-08,7128,4.8,0.0,
2018-10-09,5927,4.21,0.0,
2018-10-10,4437,2.87,0.0,
2018-10-11,5279,3.35,0.0,
2018-10-12,8096,4.9,0.0,
2018-10-13,1968,1.35,0.0,
2018-10-14,1460,1.09,0.0,
2018-10-15,13368,8.69,0.0,
2018-10-18,8274,5.81,0.0,
2018-10-19,7069,4.85,0.0,
2018-10-20,34225,23.33,0.0,
2018-10-28,15,0.01,0.0,
2018-10-29,42407,31.65,0.0,
2018-11-05,27083,17.89,0.0,
2018-11-11,277,0.2,0.0,
2018-11-12,5468,3.8,0.0,
2018-11-13,5534,4.11,0.0,
2018-11-14,4212,2.73,0.0,
2018-11-15,5073,3.51,0.0,
2018-11-16,3912,2.51,0.0,
2018-11-17,3237,2.07,0.0,
2018-11-18,3110,2.21,0.0,
2018-11-19,5902,4.05,0.0,
2018-11-20,5156,3.46,0.0,
2018-11-21,4472,2.92,0.0,
2018-11-22,7659,5.31,0.0,
2018-11-23,7590,5.15,0.0,
2018-11-24,3499,2.23,0.0,
2018-11-25,1645,1.06,0.0,
2018-11-26,6454,4.26,0.0,
2018-11-27,5092,3.49,0.0,
2018-11-28,3494,2.33,0.0,
2018-11-29,6727,4.92,0.0,
2018-11-30,5586,3.64,0.0,
2018-12-01,4058,2.62,0.0,
2018-12-02,10247,6.88,0.0,
2018-12-03,8248,5.47,0.0,
2018-12-04,8687,5.77,0.0,
2018-12-05,17882,12.64,0.0,
2018-12-06,4960,3.39,0.0,
2018-12-07,6913,4.45,0.0,
2018-12-08,2906,1.8,0.0,
2018-12-09,2560,1.7,0.0,
2018-12-10,6721,4.37,0.0,
2018-12-11,7091,5.07,0.0,
2018-12-12,6912,4.77,0.0,
2018-12-13,4171,2.93,0.0,
2018-12-14,6076,4.35,0.0,
2018-12-15,7309,4.61,0.0,
2018-12-16,7000,4.83,0.0,
2018-12-17,4315,3.14,0.0,
2018-12-18,4092,2.91,0.0,
2018-12-19,387,0.29,0.0,
2018-12-20,4440,3.06,0.0,
2018-12-21,5483,3.97,0.0,
2018-12-22,8183,5.29,0.0,
2018-12-23,6174,3.9,0.0,
2018-12-24,866,0.67,0.0,
2018-12-25,4494,2.87,0.0,
2018-12-26,7781,5.5,0.0,
2018-12-27,657,0.43,0.0,
2018-12-28,518,0.33,0.0,
2018-12-29,1332,0.87,0.0,
2018-12-30,809,0.53,0.0,
2018-12-31,5711,4.11,0.0,
2019-01-01,4664,3.02,0.0,
2019-01-02,6374,4.59,0.0,
2019-01-03,5483,3.9,0.0,
2019-01-04,5016,3.68,0.0,
2019-01-05,5120,3.65,0.0,
2019-01-06,5094,3.7,0.0,
2019-01-07,692,0.45,0.0,
2019-01-08,4363,2.9,0.0,
2019-01-09,5320,3.55,0.0,
2019-01-10,6091,4.0,0.0,
2019-01-11,4503,3.12,0.0,
2019-01-12,522,0.38,0.0,
2019-01-13,2979,1.91,0.0,
2019-01-14,4779,3.19,0.0,
2019-01-15,5159,3.47,0.0,
2019-01-16,3389,2.24,0.0,
2019-01-17,5103,3.54,0.0,
2019-01-18,7180,4.87,0.0,
2019-01-19,3401,2.16,0.0,
2019-01-20,1349,0.87,0.0,
2019-01-21,6779,4.6,0.0,
2019-01-22,7189,5.12,0.0,
2019-01-23,3583,2.5,0.0,
2019-01-24,3039,2.02,0.0,
2019-01-25,6284,4.3,0.0,
2019-01-26,3291,2.07,0.0,
2019-01-27,453,0.3,0.0,
2019-01-28,6021,4.24,0.0,
2019-01-29,7067,4.63,0.0,
2019-01-30,2043,1.36,0.0,
2019-01-31,5913,3.78,0.0,
2019-02-01,10798,7.26,0.0,
2019-02-02,1261,0.84,0.0,
2019-02-03,2433,1.65,0.0,
2019-02-04,4980,3.49,0.0,
2019-02-05,4861,3.55,0.0,
2019-02-06,3462,2.35,0.0,
2019-02-07,5039,3.29,0.0,
2019-02-08,7679,5.06,0.0,
2019-02-09,2661,1.75,0.0,
2019-02-10,2575,1.84,0.0,
2019-02-11,4807,3.29,0.0,
2019-02-12,6327,4.32,0.0,
2019-02-13,4637,3.17,0.0,
2019-02-14,6185,4.27,0.0,
2019-02-15,7755,5.18,0.0,
2019-02-16,5626,3.58,0.0,
2019-02-17,3588,2.66,0.0,
2019-02-18,2269,1.56,0.0,
2019-02-19,6097,4.06,0.0,
2019-02-20,3451,2.41,0.0,
2019-02-21,6219,4.26,0.0,
2019-02-22,7122,4.86,0.0,
2019-02-23,2764,1.92,0.0,
2019-02-24,3977,2.83,0.0,
2019-02-25,3249,2.23,0.0,
2019-02-26,2726,1.99,0.0,
2019-02-27,3217,2.13,0.0,
2019-02-28,3657,2.27,0.0,
2019-03-01,3563,2.38,0.0,
2019-03-02,4583,2.92,0.0,
2019-03-03,2004,1.32,0.0,
2019-03-04,953,0.72,0.0,
2019-03-05,11265,7.52,0.0,
2019-03-06,10433,6.33,0.0,
2019-03-07,16729,11.91,0.0,
2019-03-08,14029,9.31,0.0,
2019-03-09,12970,8.64,0.0,
2019-03-10,15353,10.51,0.0,
2019-03-11,19313,13.52,0.0,
2019-03-12,20448,14.18,0.0,
2019-03-13,9058,5.94,0.0,
2019-03-14,22460,16.71,0.0,
2019-03-15,7085,4.46,0.0,
2019-03-16,75,0.06,0.0,
2019-03-17,3588,2.6,0.0,
2019-03-18,5482,3.83,0.0,
2019-03-19,3902,2.79,0.0,
2019-03-20,2649,1.82,0.0,
2019-03-21,6073,4.06,0.0,
2019-03-22,5177,3.24,0.0,
2019-03-23,1160,0.74,0.0,
2019-03-24,308,0.21,0.0,
2019-03-25,4560,3.11,0.0,
2019-03-26,5029,3.23,0.0,
2019-03-27,3376,2.13,0.0,
2019-03-28,5901,3.76,0.0,
2019-03-29,8991,6.48,0.0,
2019-03-30,2794,1.71,0.0,
2019-03-31,3148,1.97,0.0,
2019-04-01,4527,3.06,0.0,
2019-04-02,6699,4.56,0.0,
2019-04-03,5291,3.61,0.0,
2019-04-04,5819,3.87,0.0,
2019-04-05,1419,1.0,0.0,
2019-04-06,6173,3.85,0.0,
2019-04-07,999,0.61,0.0,
2019-04-08,5237,3.74,0.0,
2019-04-09,4471,2.87,0.0,
2019-04-10,3640,2.5,0.0,
2019-04-11,5621,3.79,0.0,
2019-04-12,5662,3.76,0.0,
2019-04-13,2212,1.44,0.0,
2019-04-14,2747,1.76,0.0,
2019-04-15,4906,3.24,0.0,
2019-04-16,829,0.55,0.0,
2019-04-17,1066,0.81,0.0,
2019-04-18,954,0.65,0.0,
2019-04-19,669,0.5,0.0,
2019-04-20,11142,7.79,0.0,
2019-04-21,1686,1.11,0.0,
2019-04-22,210,0.15,0.0,
2019-04-23,784,0.55,0.0,
2019-04-24,2356,1.71,0.0,
2019-04-25,559,0.4,0.0,
2019-04-26,3469,2.28,0.0,
2019-04-27,2189,1.45,0.0,
2019-04-28,4210,3.01,0.0,
2019-04-29,5394,3.75,0.0,
2019-04-30,7825,5.35,0.0,
2019-05-01,909,0.63,0.0,
2019-05-02,6479,4.45,0.0,
2019-05-03,8015,5.76,0.0,
2019-05-04,3018,1.95,0.0,
2019-05-05,1113,0.72,0.0,
2019-05-06,3642,2.55,0.0,
2019-05-07,7016,5.02,0.0,
2019-05-08,2799,1.96,0.0,
2019-05-09,7420,5.16,0.0,
2019-05-10,5048,3.35,0.0,
2019-05-11,2837,1.88,0.0,
2019-05-12,2419,1.58,0.0,
2019-05-13,7248,4.96,0.0,
2019-05-14,5216,3.6,0.0,
2019-05-15,4080,2.72,0.0,
2019-05-16,6993,5.05,0.0,
2019-05-17,5003,3.27,0.0,
2019-05-18,4901,3.11,0.0,
2019-05-19,741,0.48,0.0,
2019-05-20,4719,3.53,0.0,
2019-05-21,7652,5.11,0.0,
2019-05-22,2308,1.53,0.0,
2019-05-23,4338,3.16,0.0,
2019-05-24,5734,3.76,0.0,
2019-05-25,3265,2.0,0.0,
2019-05-26,3404,2.42,0.0,
2019-05-27,707,0.52,0.0,
2019-05-28,3091,2.16,0.0,
2019-05-29,4138,3.04,0.0,
2019-05-30,1882,1.29,0.0,
2019-05-31,4615,3.44,0.0,
2019-06-01,5651,3.74,0.0,
2019-06-02,1559,0.99,0.0,
2019-06-03,369,0.26,0.0,
2019-06-04,655,0.47,0.0,
2019-06-05,3262,2.19,0.0,
2019-06-06,1257,0.92,0.0,
2019-06-07,2453,1.64,0.0,
2019-06-08,3992,2.71,0.0,
2019-06-09,996,0.68,0.0,
2019-06-10,1983,1.36,0.0,
2019-06-11,4170,2.67,0.0,
2019-06-12,2626,1.81,0.0,
2019-06-13,383,0.26,0.0,
2019-06-14,1664,1.28,0.0,
2019-06-15,8002,5.15,0.0,
2019-06-16,3487,2.3,0.0,
2019-06-17,3376,2.16,0.0,
2019-06-18,3207,2.14,0.0,
2019-06-19,2182,1.38,0.0,
2019-06-20,5387,3.75,0.0,
2019-06-21,3529,2.45,0.0,
2019-06-22,3077,2.28,0.0,
2019-06-23,4516,3.19,0.0,
2019-06-24,5953,3.86,0.0,
2019-06-25,5959,3.9,0.0,
2019-06-26,4102,2.76,0.0,
2019-06-27,2491,1.82,0.0,
2019-06-28,3038,2.01,0.0,
2019-06-29,12631,8.68,0.0,
2019-06-30,8517,5.52,0.0,
2019-07-01,11731,7.24,0.0,
2019-07-02,14457,9.27,0.0,
2019-07-03,4877,3.17,0.0,
2019-07-04,12883,8.36,0.0,
2019-07-05,13775,9.17,0.0,
2019-07-06,3485,2.15,0.0,
2019-07-07,14123,8.66,0.0,
2019-07-08,14919,9.24,0.0,
2019-07-09,3743,2.72,0.0,
2019-07-10,5972,3.92,0.0,
2019-07-11,16494,10.1,0.0,
2019-07-12,16295,10.52,0.0,
2019-07-13,10677,6.8,0.0,
2019-07-14,12304,8.07,0.0,
2019-07-15,4776,3.07,0.0,
2019-07-16,6654,4.45,0.0,
2019-07-17,5609,3.77,0.0,
2019-07-18,10585,7.25,0.0,
2019-07-19,9039,6.19,0.0,
2019-07-20,8653,5.91,0.0,
2019-07-21,15656,10.96,0.0,
2019-07-22,17206,12.34,0.0,
2019-07-23,7989,5.18,0.0,
2019-07-24,6054,3.8,0.0,
2019-07-25,2528,1.57,0.0,
2019-07-26,4209,2.78,0.0,
2019-07-27,14075,9.7,0.0,
2019-07-28,2701,1.7,0.0,
2019-07-29,6014,3.79,0.0,
2019-07-30,3139,1.95,0.0,
2019-07-31,2131,1.33,0.0,
2019-08-01,2444,1.58,0.0,
2019-08-02,1426,0.92,0.0,
2019-08-03,2648,1.94,0.0,
2019-08-04,803,0.57,0.0,
2019-08-05,5797,3.76,0.0,
2019-08-06,1965,1.41,0.0,
2019-08-07,2129,1.38,0.0,
2019-08-08,7947,5.08,0.0,
2019-08-09,6253,3.97,0.0,
2019-08-10,7436,4.87,0.0,
2019-08-11,11387,7.16,0.0,
2019-08-12,20942,13.88,0.0,
2019-08-13,5254,4.21,0.0,
2019-08-14,10271,7.05,0.0,
2019-08-15,1945,1.29,0.0,
2019-08-16,3789,2.42,0.0,
2019-08-17,1173,0.78,0.0,
2019-08-18,3220,2.04,0.0,
2019-08-19,2278,1.51,0.0,
2019-08-20,4411,2.92,0.0,
2019-08-21,3164,1.97,0.0,
2019-08-22,6354,3.96,0.0,
2019-08-23,5285,3.4,0.0,
2019-08-24,2190,1.51,0.0,
2019-08-25,3075,1.96,0.0,
2019-08-26,1526,0.98,0.0,
2019-08-27,5065,3.16,0.0,
2019-08-28,14028,9.31,0.0,
2019-08-29,8882,5.83,0.0,
2019-08-30,15134,9.91,0.0,
2019-08-31,23303,15.24,0.0,
2019-09-01,9092,6.78,0.0,
2019-09-02,24757,15.94,0.0,
2019-09-03,16974,11.72,0.0,
2019-09-04,8567,6.56,0.0,
2019-09-05,14041,9.21,0.0,
2019-09-06,14625,9.76,0.0,
2019-09-07,13265,8.35,0.0,
2019-09-08,5735,3.93,0.0,
2019-09-09,10348,6.71,0.0,
2019-09-10,13566,9.57,0.0,
2019-09-11,16865,12.33,0.0,
2019-09-12,9655,6.24,0.0,
2019-09-13,9542,6.29,0.0,
2019-09-14,15493,10.4,0.0,
2019-09-15,1275,0.92,0.0,
2019-09-16,11958,8.16,0.0,
2019-09-17,17303,12.53,0.0,
2019-09-18,11710,8.3,0.0,
2019-09-19,4871,3.14,0.0,
2019-09-20,8176,5.93,0.0,
2019-09-21,11719,7.16,0.0,
2019-09-22,1919,1.31,0.0,
2019-09-23,9649,6.62,0.0,
2019-09-24,5898,4.21,0.0,
2019-09-25,4265,2.84,0.0,
2019-09-26,4970,3.34,0.0,
2019-09-27,10214,6.9,0.0,
2019-09-28,2343,1.56,0.0,
2019-09-29,3634,2.51,0.0,
2019-09-30,4714,3.11,0.0,
2019-10-01,9646,6.5,0.0,
2019-10-02,7449,5.12,0.0,
2019-10-03,11971,8.17,0.0,
2019-10-04,14614,9.62,0.0,
2019-10-05,6873,4.59,0.0,
2019-10-06,9991,6.94,0.0,
2019-10-07,5890,4.12,0.0,
2019-10-08,8403,5.91,0.0,
2019-10-09,8157,5.66,0.0,
2019-10-10,6724,5.08,0.0,
2019-10-11,9042,6.22,0.0,
2019-10-12,9421,6.06,0.0,
2019-10-13,3282,2.71,0.0,
2019-10-14,4783,3.06,0.0,
2019-10-15,3742,2.49,0.0,
2019-10-16,6443,4.4,0.0,
2019-10-17,8191,5.59,0.0,
2019-10-18,12114,8.88,0.0,
2019-10-19,12680,8.23,0.0,
2019-10-20,11770,7.82,0.0,
2019-10-21,5335,3.65,0.0,
2019-10-22,7926,5.0,0.0,
2019-10-23,3064,2.04,0.0,
2019-10-24,13959,10.17,0.0,
2019-10-25,5725,3.84,0.0,
2019-10-26,10438,7.04,0.0,
2019-10-27,1990,1.41,0.0,
2019-10-28,3378,2.41,0.0,
2019-10-29,1120,0.72,0.0,
2019-10-30,2813,1.84,0.0,
2019-10-31,4606,3.22,0.0,
2019-11-01,5814,4.18,0.0,
2019-11-02,3600,2.65,0.0,
2019-11-03,2712,1.8,0.0,
2019-11-04,4540,2.96,0.0,
2019-11-05,4443,2.94,0.0,
2019-11-06,5046,3.35,0.0,
2019-11-07,7394,5.49,0.0,
2019-11-08,4959,3.47,0.0,
2019-11-09,11403,8.15,0.0,
2019-11-10,5883,3.99,0.0,
2019-11-11,14520,10.82,0.0,
2019-11-12,10255,7.26,0.0,
2019-11-13,10573,7.38,0.0,
2019-11-14,18248,13.18,0.0,
2019-11-15,5223,3.83,0.0,
2019-11-16,737,0.48,0.0,
2019-11-17,8840,5.95,0.0,
2019-11-18,8842,5.75,0.0,
2019-11-19,5518,3.67,0.0,
2019-11-20,6327,4.37,0.0,
2019-11-21,6852,4.8,0.0,
2019-11-22,4485,3.09,0.0,
2019-11-23,9726,7.21,0.0,
2019-11-24,2677,1.79,0.0,
2019-11-25,8487,5.99,0.0,
2019-11-26,7477,5.59,0.0,
2019-11-27,6033,4.13,0.0,
2019-11-28,10604,7.6,0.0,
2019-11-29,10785,7.2,0.0,
2019-11-30,12024,8.7,0.0,
2019-12-01,7005,4.9,0.0,
2019-12-02,9348,7.2,0.0,
2019-12-03,5375,3.83,0.0,
2019-12-04,4482,3.18,0.0,
2019-12-05,12793,8.77,0.0,
2019-12-06,6793,5.22,0.0,
2019-12-07,6987,4.8,0.0,
2019-12-08,1294,0.87,0.0,
2019-12-09,4802,3.41,0.0,
2019-12-10,4086,2.89,0.0,
2019-12-11,6370,4.77,0.0,
2019-12-12,8351,5.85,0.0,
2019-12-13,6922,4.98,0.0,
2019-12-14,890,0.65,0.0,
2019-12-15,5248,3.33,0.0,
2019-12-16,4719,3.53,0.0,
2019-12-17,7643,5.54,0.0,
2019-12-18,8260,5.98,0.0,
2019-12-19,10613,8.32,0.0,
2019-12-20,13274,10.01,0.0,
2019-12-21,8403,5.96,0.0,
2019-12-22,5195,3.71,0.0,
2019-12-23,4475,3.01,0.0,
2019-12-24,12954,9.6,0.0,
2019-12-25,3442,2.24,0.0,
2019-12-26,7841,5.77,0.0,
2019-12-27,5809,4.49,0.0,
2019-12-28,11812,8.64,0.0,
2019-12-29,3420,2.45,0.0,
2019-12-30,1739,1.2,0.0,
2019-12-31,4752,3.38,0.0,
2020-01-01,4117,3.06,0.0,
2020-01-02,3163,2.22,0.0,
2020-01-03,7190,5.52,0.0,
2020-01-04,4143,3.23,0.0,
2020-01-05,3964,3.0,0.0,
2020-01-06,3183,2.25,0.0,
2020-01-07,4429,3.14,0.0,
2020-01-08,5132,3.66,0.0,
2020-01-09,3324,2.29,0.0,
2020-01-10,5017,3.73,0.0,
2020-01-11,6129,4.39,0.0,
2020-01-12,3283,2.32,0.0,
2020-01-13,5803,4.24,0.0,
2020-01-14,5877,4.56,0.0,
2020-01-15,12792,9.1,0.0,
2020-01-16,7098,5.41,0.0,
2020-01-17,6754,4.92,0.0,
2020-01-18,2097,1.6,0.0,
2020-01-19,1533,1.11,0.0,
2020-01-20,4751,3.71,0.0,
2020-01-21,6180,4.56,0.0,
2020-01-22,6547,4.74,0.0,
2020-01-23,6487,4.92,0.0,
2020-01-24,6138,4.91,0.0,
2020-01-25,5504,4.46,0.0,
2020-01-26,5920,4.5,0.0,
2020-01-27,4843,3.75,0.0,
2020-01-28,4773,3.78,0.0,
2020-01-29,3416,2.55,0.0,
2020-01-30,13604,10.5,0.0,
2020-01-31,8646,6.87,0.0,
2020-02-01,10555,8.33,0.0,
2020-02-02,4251,3.29,0.0,
2020-02-03,13184,10.82,0.0,
2020-02-04,5780,4.44,0.0,
2020-02-05,8992,6.6,0.0,
2020-02-06,2767,2.19,0.0,
2020-02-07,5331,4.06,0.0,
2020-02-08,6071,4.74,0.0,
2020-02-09,4618,3.57,0.0,
2020-02-10,5619,4.23,0.0,
2020-02-11,7670,5.51,0.0,
2020-02-12,9869,7.65,0.0,
2020-02-13,4879,3.6,0.0,
2020-02-14,8241,6.34,0.0,
2020-02-15,1922,1.37,0.0,
2020-02-16,3522,2.48,0.0,
2020-02-17,6352,4.23,0.0,
2020-02-18,6938,5.45,0.0,
2020-02-19,8395,6.42,0.0,
2020-02-20,5719,4.35,0.0,
2020-02-21,8444,6.72,0.0,
2020-02-22,5778,4.25,0.0,
2020-02-23,10217,7.12,0.0,
2020-02-24,12789,8.63,0.0,
2020-02-25,5404,3.81,0.0,
2020-02-26,8374,6.01,0.0,
2020-02-27,12107,8.17,0.0,
2020-02-28,10292,6.89,0.0,
2020-02-29,3739,2.8,0.0,
2020-03-01,3511,2.35,0.0,
2020-03-02,6169,4.3,0.0,
2020-03-03,10085,7.47,0.0,
2020-03-04,7839,5.81,0.0,
2020-03-05,4882,3.55,0.0,
2020-03-06,4339,3.46,0.0,
2020-03-07,5421,4.08,0.0,
2020-03-08,15603,11.52,0.0,
2020-03-09,4866,3.78,0.0,
2020-03-10,5147,3.8,0.0,
2020-03-11,6005,4.6,0.0,
2020-03-12,6453,4.67,0.0,
2020-03-13,3786,2.85,0.0,
2020-03-14,6534,4.92,0.0,
2020-03-15,5878,4.19,0.0,
2020-03-16,3442,2.55,0.0,
2020-03-17,2381,1.65,0.0,
2020-03-18,1024,0.73,0.0,
2020-03-19,902,0.59,0.0,
2020-03-20,1209,0.88,0.0,
2020-03-21,990,0.69,0.0,
2020-03-22,1333,0.93,0.0,
2020-03-23,2186,1.57,0.0,
2020-03-24,1802,1.3,0.0,
2020-03-25,1077,0.7,0.0,
2020-03-26,977,0.68,0.0,
2020-03-27,678,0.43,0.0,
2020-03-28,1324,0.91,0.0,
2020-03-29,1286,0.85,0.0,
2020-03-30,1475,1.01,0.0,
2020-03-31,985,0.61,0.0,
2020-04-01,1292,0.89,0.0,
2020-04-02,747,0.52,0.0,
2020-04-03,1091,0.76,0.0,
2020-04-04,1650,1.11,0.0,
2020-04-05,2532,1.8,0.0,
2020-04-06,1085,0.76,0.0,
2020-04-07,1120,0.8,0.0,
2020-04-08,4657,3.25,0.0,
2020-04-09,1420,1.01,0.0,
2020-04-10,3497,2.63,0.0,
2020-04-11,2636,1.72,0.0,
2020-04-12,2253,1.59,0.0,
2020-04-13,1751,1.19,0.0,
2020-04-14,3167,2.33,0.0,
2020-04-15,2822,2.07,0.0,
2020-04-16,4956,3.47,0.0,
2020-04-17,4681,3.04,0.0,
2020-04-18,4141,2.98,0.0,
2020-04-19,188,0.13,0.0,
2020-04-20,2036,1.35,0.0,
2020-04-21,810,0.56,0.0,
2020-04-22,1672,1.13,0.0,
2020-04-23,802,0.57,0.0,
2020-04-24,2353,1.57,0.0,
2020-04-25,2033,1.37,0.0,
2020-04-26,3361,2.27,0.0,
2020-04-27,1238,0.83,0.0,
2020-04-28,2184,1.54,0.0,
2020-04-29,1742,1.18,0.0,
2020-04-30,3306,2.26,0.0,
2020-05-01,1249,0.9,0.0,
2020-05-02,1656,1.08,0.0,
2020-05-03,1878,1.21,0.0,
2020-05-04,1415,1.01,0.0,
2020-05-05,1316,0.91,0.0,
2020-05-06,646,0.48,0.0,
2020-05-07,1184,0.81,0.0,
2020-05-08,580,0.41,0.0,
2020-05-09,2008,1.4,0.0,
2020-05-10,1710,1.1,0.0,
2020-05-11,1402,0.94,0.0,
2020-05-12,1022,0.71,0.0,
2020-05-13,3054,2.22,0.0,
2020-05-14,971,0.68,0.0,
2020-05-15,1017,0.65,0.0,
2020-05-16,2724,1.78,0.0,
2020-05-17,903,0.59,0.0,
2020-05-18,872,0.62,0.0,
2020-05-19,678,0.5,0.0,
2020-05-20,2556,1.56,0.0,
2020-05-21,4024,2.76,0.0,
2020-05-22,9793,9.87,0.0,
2020-05-23,3083,1.93,0.0,
2020-05-24,12947,10.14,0.0,
2020-05-25,1025,0.7,0.0,
2020-05-26,7330,7.54,0.0,
2020-05-27,363,0.26,0.0,
2020-05-28,9114,9.05,0.0,
2020-05-29,2350,1.69,0.0,
2020-05-30,3167,2.24,0.0,
2020-05-31,1772,1.27,0.0,
2020-06-01,9387,6.74,0.0,
2020-06-02,7033,4.84,0.0,
2020-06-03,6556,4.3,0.0,
2020-06-04,10590,9.89,0.0,
2020-06-05,4543,3.07,0.0,
2020-06-06,4177,2.6,0.0,
2020-06-07,3034,2.05,0.0,
2020-06-08,13407,8.63,0.0,
2020-06-09,11070,6.97,0.0,
2020-06-10,6676,4.48,0.0,
2020-06-11,2464,1.6,0.0,
2020-06-12,4677,3.29,0.0,
2020-06-13,5431,3.5,0.0,
2020-06-14,5621,3.65,0.0,
2020-06-15,3471,2.2,0.0,
2020-06-16,2843,2.02,0.0,
2020-06-17,4544,3.0,0.0,
2020-06-18,2759,1.91,0.0,
2020-06-19,11586,8.94,0.0,
2020-06-20,4028,2.71,0.0,
2020-06-21,3582,2.48,0.0,
2020-06-22,16540,12.43,0.0,
2020-06-23,10883,10.44,0.0,
2020-06-24,11152,6.98,0.0,
2020-06-25,4150,2.77,0.0,
2020-06-26,6965,4.68,0.0,
2020-06-27,4781,2.96,0.0,
2020-06-28,1611,1.03,0.0,
2020-06-29,5379,5.15,0.0,
2020-06-30,5726,4.94,0.0,
2020-07-01,7050,6.83,0.0,
2020-07-02,6553,5.89,0.0,
2020-07-03,3777,2.42,0.0,
2020-07-04,8296,9.16,0.0,
2020-07-05,4461,2.92,0.0,
2020-07-06,8166,5.09,0.0,
2020-07-07,3827,2.63,0.0,
2020-07-08,10784,9.65,0.0,
2020-07-09,4300,2.94,0.0,
2020-07-10,11652,12.19,0.0,
2020-07-11,7728,5.09,0.0,
2020-07-12,4854,3.26,0.0,
2020-07-13,12345,10.97,0.0,
2020-07-14,7022,5.5,0.0,
2020-07-15,6434,4.22,0.0,
2020-07-16,2959,1.94,0.0,
2020-07-17,7635,4.99,0.0,
2020-07-18,3593,2.47,0.0,
2020-07-19,4781,3.24,0.0,
2020-07-20,9463,8.02,0.0,
2020-07-21,16116,13.2,0.0,
2020-07-22,8978,6.37,0.0,
2020-07-23,14904,13.09,0.0,
2020-07-24,5223,3.67,0.0,
2020-07-25,6502,4.27,0.0,
2020-07-26,7811,5.16,0.0,
2020-07-27,7469,5.13,0.0,
2020-07-28,4312,3.19,0.0,
2020-07-29,7148,5.89,0.0,
2020-07-30,7445,5.88,0.0,
2020-07-31,8601,6.09,0.0,
2020-08-01,12276,10.26,0.0,
2020-08-02,1574,1.05,0.0,
2020-08-03,9118,6.47,0.0,
2020-08-04,2507,1.73,0.0,
2020-08-05,2906,1.82,0.0,
2020-08-06,4174,3.52,0.0,
2020-08-07,8505,7.44,0.0,
2020-08-08,3465,2.39,0.0,
2020-08-09,2409,1.73,0.0,
2020-08-10,2163,1.43,0.0,
2020-08-11,2727,1.95,0.0,
2020-08-12,2612,1.78,0.0,
2020-08-13,12139,9.53,0.0,
2020-08-14,8187,5.7,0.0,
2020-08-15,5085,3.25,0.0,
2020-08-16,7977,5.52,0.0,
2020-08-17,2566,1.64,0.0,
2020-08-18,8921,6.22,0.0,
2020-08-19,20533,15.44,0.0,
2020-08-20,9639,6.8,0.0,
2020-08-21,4804,3.35,0.0,
2020-08-22,891,0.6,0.0,
2020-08-23,9920,7.28,0.0,
2020-08-24,13955,10.09,0.0,
2020-08-25,13645,9.52,0.0,
2020-08-26,10435,7.19,0.0,
2020-08-27,19936,14.68,0.0,
2020-08-28,24887,16.92,0.0,
2020-08-29,9246,6.4,0.0,
2020-08-30,9108,6.02,0.0,
2020-08-31,10509,7.12,0.0,
2020-09-01,8007,5.58,0.0,
2020-09-02,5326,3.89,0.0,
2020-09-03,10800,7.88,0.0,
2020-09-04,16767,12.95,0.0,
2020-09-05,12368,9.06,0.0,
2020-09-06,5983,4.58,0.0,
2020-09-07,11249,7.98,0.0,
2020-09-08,13694,10.16,0.0,
2020-09-09,10499,8.01,0.0,
2020-09-10,15617,12.04,0.0,
2020-09-11,5761,3.98,0.0,
2020-09-12,14843,10.64,0.0,
2020-09-13,10880,8.24,0.0,
2020-09-14,14334,10.83,0.0,
2020-09-15,10376,7.21,0.0,
2020-09-16,4561,3.21,0.0,
2020-09-17,6776,4.52,0.0,
2020-09-18,8598,6.29,0.0,
2020-09-19,8882,6.32,0.0,
2020-09-20,2849,2.05,0.0,
2020-09-21,5756,4.44,0.0,
2020-09-22,6340,4.81,0.0,
2020-09-23,17015,12.76,0.0,
2020-09-24,8247,6.2,0.0,
2020-09-25,3256,2.08,0.0,
2020-09-26,7489,5.69,0.0,
2020-09-27,3951,2.87,0.0,
2020-09-28,1064,0.79,0.0,
2020-09-29,13220,13.28,0.0,
2020-09-30,6388,4.51,0.0,
2020-10-01,21143,20.89,604.0,
2020-10-02,8994,6.41,0.0,
2020-10-03,11820,8.56,0.0,
2020-10-04,5281,3.72,0.0,
2020-10-05,20736,20.95,587.0,
2020-10-06,6258,4.52,0.0,
2020-10-07,21225,20.82,587.0,
2020-10-08,6815,4.86,0.0,
2020-10-09,20861,19.18,292.0,
2020-10-10,8763,5.88,0.0,
2020-10-11,1206,0.82,0.0,
2020-10-12,5607,4.12,0.0,
2020-10-13,10235,7.74,0.0,
2020-10-14,3854,2.72,0.0,
2020-10-15,6779,4.97,0.0,
2020-10-16,13547,9.03,0.0,
2020-10-17,3657,2.41,0.0,
2020-10-18,7831,5.76,0.0,
2020-10-19,6534,4.48,0.0,
2020-10-20,5173,3.42,0.0,
2020-10-21,16369,15.99,431.0,
2020-10-22,209,0.15,0.0,
2020-10-23,6390,4.45,0.0,
2020-10-24,4478,3.04,0.0,
2020-10-25,2869,2.14,0.0,
2020-10-26,6548,4.64,0.0,
2020-10-27,3133,2.37,0.0,
2020-10-28,8432,6.43,0.0,
2020-10-29,5723,3.99,0.0,
2020-10-30,2511,1.78,0.0,
2020-10-31,7419,6.71,0.0,
2020-11-01,4868,3.38,0.0,
2020-11-02,4117,3.08,0.0,
2020-11-03,12824,13.37,386.0,
2020-11-04,1411,0.96,0.0,
2020-11-05,6794,4.76,0.0,
2020-11-06,3182,2.4,0.0,
2020-11-07,20691,21.1,603.0,
2020-11-08,4342,2.94,0.0,
2020-11-09,20098,20.22,397.0,
2020-11-10,1046,0.71,0.0,
2020-11-11,20117,20.6,581.0,
2020-11-12,787,0.49,0.0,
2020-11-13,16595,18.58,568.0,
2020-11-14,3752,2.52,0.0,
2020-11-15,8793,6.14,0.0,
2020-11-16,19915,20.06,498.0,
2020-11-17,1369,0.83,0.0,
2020-11-18,5552,4.16,0.0,
2020-11-19,17245,17.7,341.0,
2020-11-20,2629,1.9,0.0,
2020-11-21,7584,5.94,0.0,
2020-11-22,1673,1.11,0.0,
2020-11-23,8247,5.73,0.0,
2020-11-24,8754,8.63,0.0,
2020-11-25,3307,2.46,0.0,
2020-11-26,9582,9.33,0.0,
2020-11-27,12073,8.8,0.0,
2020-11-28,17772,16.17,0.0,
2020-11-29,3453,2.37,0.0,
2020-11-30,6735,5.3,0.0,
2020-12-01,10410,7.54,0.0,
2020-12-02,3766,2.89,0.0,
2020-12-03,1464,1.15,0.0,
2020-12-04,2453,1.95,0.0,
2020-12-05,3379,2.58,0.0,
2020-12-06,3114,2.19,0.0,
2020-12-07,1975,1.37,0.0,
2020-12-08,3412,2.55,0.0,
2020-12-09,1147,0.8,0.0,
2020-12-10,319,0.23,0.0,
2020-12-11,2546,1.91,0.0,
2020-12-12,6363,4.15,0.0,
2020-12-13,4847,3.69,0.0,
2020-12-14,1380,1.07,0.0,
2020-12-15,2628,1.9,0.0,
2020-12-16,3646,2.44,0.0,
2020-12-17,6620,4.9,0.0,
2020-12-18,11814,7.89,0.0,
2020-12-19,6344,5.67,0.0,
2020-12-20,3921,2.44,0.0,
2020-12-21,1500,1.0,0.0,
2020-12-22,7916,5.63,0.0,
2020-12-23,1938,1.27,0.0,
2020-12-24,9522,6.24,0.0,
2020-12-25,4073,2.49,0.0,
2020-12-26,7497,5.02,0.0,
2020-12-27,11287,11.28,259.0,
2020-12-28,18142,13.39,0.0,
2020-12-29,1022,0.68,0.0,
2020-12-30,4158,2.73,0.0,
2020-12-31,3082,2.14,0.0,
2021-01-01,748,0.5,0.0,
2021-01-02,3268,2.09,0.0,
2021-01-03,3321,2.16,0.0,
2021-01-04,4113,2.8,0.0,
2021-01-05,3932,2.81,0.0,
2021-01-06,3412,2.16,0.0,
2021-01-07,4135,2.65,0.0,
2021-01-08,2726,1.79,0.0,
2021-01-09,6007,4.48,0.0,
2021-01-10,8374,5.33,0.0,
2021-01-11,2148,1.54,0.0,
2021-01-12,3184,2.41,0.0,
2021-01-13,13230,8.94,0.0,
2021-01-14,2059,1.33,0.0,
2021-01-15,3478,2.52,0.0,
2021-01-16,4016,2.85,0.0,
2021-01-17,666,0.43,0.0,
2021-01-18,4292,2.91,0.0,
2021-01-19,3845,2.76,0.0,
2021-01-20,10353,7.72,0.0,
2021-01-21,3186,2.57,0.0,
2021-01-22,11237,8.13,0.0,
2021-01-23,14806,9.91,0.0,
2021-01-24,10309,6.88,0.0,
2021-01-25,6435,4.51,0.0,
2021-01-26,7354,5.27,0.0,
2021-01-27,7245,4.97,0.0,
2021-01-28,4552,3.31,0.0,
2021-01-29,8150,6.36,0.0,
2021-01-30,4236,2.89,0.0,
2021-01-31,11923,8.54,0.0,
2021-02-01,3681,2.76,0.0,
2021-02-02,1711,1.14,0.0,
2021-02-03,4619,3.48,0.0,
2021-02-04,16965,11.96,0.0,
2021-02-05,7425,5.76,0.0,
2021-02-06,8740,6.6,0.0,
2021-02-07,4325,3.1,0.0,
2021-02-08,2423,1.63,0.0,
2021-02-09,8723,6.44,0.0,
2021-02-10,6435,4.19,0.0,
2021-02-11,5690,4.02,0.0,
2021-02-12,6270,4.38,0.0,
2021-02-13,10027,6.6,0.0,
2021-02-14,9164,6.21,0.0,
2021-02-15,4809,3.43,0.0,
2021-02-16,1750,1.17,0.0,
2021-02-17,4179,3.16,0.0,
2021-02-18,9726,7.0,0.0,
2021-02-19,15478,11.34,0.0,
2021-02-20,2948,1.98,0.0,
2021-02-21,7385,4.94,0.0,
2021-02-22,345,0.22,0.0,
2021-02-23,5985,4.14,0.0,
2021-02-24,4237,3.32,0.0,
2021-02-25,5779,3.67,0.0,
2021-02-26,19735,14.15,0.0,
2021-02-27,2764,1.98,0.0,
2021-02-28,6462,5.23,0.0,
2021-03-01,3756,2.82,0.0,
2021-03-02,9435,7.33,0.0,
2021-03-03,9599,6.9,0.0,
2021-03-04,4792,3.54,0.0,
2021-03-05,7854,6.5,0.0,
2021-03-06,4974,3.48,0.0,
2021-03-07,5535,4.2,0.0,
2021-03-08,7881,5.68,0.0,
2021-03-09,4888,3.68,0.0,
2021-03-10,5341,3.51,0.0,
2021-03-11,4153,3.09,0.0,
2021-03-12,4878,4.08,0.0,
2021-03-13,4025,2.8,0.0,
2021-03-14,1107,0.85,0.0,
2021-03-15,7960,5.59,0.0,
2021-03-16,8485,6.43,0.0,
2021-03-17,11554,8.5,0.0,
2021-03-18,4799,3.71,0.0,
2021-03-19,10779,7.87,0.0,
2021-03-20,26279,17.49,0.0,
2021-03-21,3531,2.4,0.0,
2021-03-22,3443,2.73,0.0,
2021-03-23,8317,6.0,0.0,
2021-03-24,5469,4.17,0.0,
2021-03-25,9682,6.55,0.0,
2021-03-26,7573,5.92,0.0,
2021-03-27,10405,7.44,0.0,
2021-03-28,8455,5.62,0.0,
2021-03-29,2200,1.4,0.0,
2021-03-30,3597,2.65,0.0,
2021-03-31,7205,4.99,0.0,
2021-04-01,7483,5.58,0.0,
2021-04-02,5993,3.99,0.0,
2021-04-03,8485,5.9,0.0,
2021-04-04,1899,1.37,0.0,
2021-04-05,10634,9.16,0.0,
2021-04-06,5294,4.06,0.0,
2021-04-07,7155,5.08,0.0,
2021-04-08,5668,3.78,0.0,
2021-04-09,7354,5.16,0.0,
2021-04-10,8680,5.97,0.0,
2021-04-11,5856,4.43,0.0,
2021-04-12,6444,4.66,0.0,
2021-04-13,9871,7.13,0.0,
2021-04-14,5575,3.91,0.0,
2021-04-15,6085,4.56,0.0,
2021-04-16,6507,4.42,0.0,
2021-04-17,3481,2.71,0.0,
2021-04-18,9888,6.62,0.0,
2021-04-19,8042,5.54,0.0,
2021-04-20,4595,3.56,0.0,
2021-04-21,9190,6.76,0.0,
2021-04-22,5504,3.75,0.0,
2021-04-23,7593,5.82,0.0,
2021-04-24,14824,9.58,0.0,
2021-04-25,362,0.26,0.0,
2021-04-26,1152,0.87,0.0,
2021-04-27,2790,2.11,0.0,
2021-04-28,6890,5.42,0.0,
2021-04-29,3158,2.44,0.0,
2021-04-30,558,0.4,0.0,
2021-05-01,4043,2.79,0.0,
2021-05-02,1897,1.24,0.0,
2021-05-03,6700,4.83,0.0,
2021-05-04,6079,4.15,0.0,
2021-05-05,5448,3.64,0.0,
2021-05-06,4035,2.64,0.0,
2021-05-07,10661,7.66,0.0,
2021-05-08,4223,2.68,0.0,
2021-05-09,2233,1.55,0.0,
2021-05-10,8684,6.07,0.0,
2021-05-11,6489,4.32,0.0,
2021-05-12,14452,10.78,0.0,
2021-05-13,8023,5.52,0.0,
2021-05-14,18023,12.77,0.0,
2021-05-15,23398,15.43,0.0,
2021-05-16,2936,2.25,0.0,
2021-05-17,7408,5.24,0.0,
2021-05-18,6423,4.99,0.0,
2021-05-19,7464,5.6,0.0,
2021-05-20,4128,2.64,0.0,
2021-05-21,4378,2.74,0.0,
2021-05-22,3634,2.45,0.0,
2021-05-23,6331,5.24,0.0,
2021-05-24,3027,1.83,0.0,
2021-05-25,3738,2.58,0.0,
2021-05-26,4958,3.26,0.0,
2021-05-27,4149,2.77,0.0,
2021-05-28,2670,1.84,0.0,
2021-05-29,6674,4.57,0.0,
2021-05-30,11887,9.1,0.0,
2021-05-31,8879,6.24,0.0,
2021-06-01,6099,4.67,0.0,
2021-06-02,7012,4.77,0.0,
2021-06-03,11220,8.15,0.0,
2021-06-04,8459,5.88,0.0,
2021-06-05,1480,1.01,0.0,
2021-06-06,2562,1.78,0.0,
2021-06-07,9381,6.77,0.0,
2021-06-08,6266,4.3,0.0,
2021-06-09,5668,3.75,0.0,
2021-06-10,10163,7.82,0.0,
2021-06-11,4059,3.34,0.0,
2021-06-12,3200,2.49,0.0,
2021-06-13,185,0.11,0.0,
2021-06-14,9487,6.6,0.0,
2021-06-15,7328,5.14,0.0,
2021-06-16,7242,5.27,0.0,
2021-06-17,7778,5.41,0.0,
2021-06-18,8472,5.99,0.0,
2021-06-19,4788,3.33,0.0,
2021-06-20,7984,5.16,0.0,
2021-06-21,13856,9.69,0.0,
2021-06-22,10618,7.38,0.0,
2021-06-23,7053,4.93,0.0,
2021-06-24,12065,8.54,0.0,
2021-06-25,13256,9.61,0.0,
2021-06-26,19844,13.29,0.0,
2021-06-27,11821,7.13,0.0,
2021-06-28,2987,1.91,0.0,
2021-06-29,4447,3.26,0.0,
2021-06-30,8430,6.37,0.0,
2021-07-01,4556,3.44,0.0,
2021-07-02,9080,6.47,0.0,
2021-07-03,10320,7.62,0.0,
2021-07-04,26630,17.36,0.0,
2021-07-05,6088,4.41,0.0,
2021-07-06,8615,6.53,0.0,
2021-07-07,7220,5.31,0.0,
2021-07-08,9730,7.14,0.0,
2021-07-09,9043,6.3,0.0,
2021-07-10,9253,6.48,0.0,
2021-07-11,21967,14.97,0.0,
2021-07-12,8711,6.25,0.0,
2021-07-13,12102,9.47,0.0,
2021-07-14,9751,7.41,0.0,
2021-07-15,14986,10.73,0.0,
2021-07-16,13077,10.13,0.0,
2021-07-17,26917,18.34,0.0,
2021-07-18,10404,7.24,0.0,
2021-07-19,5792,4.39,0.0,
2021-07-20,6625,5.04,0.0,
2021-07-21,10523,7.47,0.0,
2021-07-22,10437,7.5,0.0,
2021-07-23,21013,14.97,0.0,
2021-07-24,6703,4.24,0.0,
2021-07-25,3500,2.66,0.0,
2021-07-26,7331,5.24,0.0,
2021-07-27,11067,7.47,0.0,
2021-07-28,10226,7.32,0.0,
2021-07-29,10371,7.93,0.0,
2021-07-30,7452,5.0,0.0,
2021-07-31,9206,6.26,0.0,
2021-08-01,29359,19.45,0.0,
2021-08-02,10289,7.42,0.0,
2021-08-03,9553,8.62,0.0,
2021-08-04,12099,8.65,0.0,
2021-08-05,10124,6.5,0.0,
2021-08-06,10151,7.5,0.0,
2021-08-07,18346,12.05,0.0,
2021-08-08,6155,4.52,0.0,
2021-08-09,6071,4.55,0.0,
2021-08-10,5080,3.5,0.0,
2021-08-11,6341,4.43,0.0,
2021-08-12,10161,6.7,0.0,
2021-08-13,14994,10.36,0.0,
2021-08-14,18673,12.55,0.0,
2021-08-15,4052,2.81,0.0,
2021-08-16,9197,8.14,0.0,
2021-08-17,3825,2.72,0.0,
2021-08-18,13564,11.05,0.0,
2021-08-19,13964,9.87,0.0,
2021-08-20,15018,10.05,0.0,
2021-08-21,9556,7.17,0.0,
2021-08-22,2207,1.89,0.0,
2021-08-23,8902,6.7,0.0,
2021-08-24,8334,5.68,0.0,
2021-08-25,14354,9.95,0.0,
2021-08-26,8923,5.86,0.0,
2021-08-27,10461,6.96,0.0,
2021-08-28,10750,6.73,0.0,
2021-08-29,7015,4.59,0.0,
2021-08-30,10100,7.22,0.0,
2021-08-31,13339,9.57,0.0,
2021-09-01,13205,9.75,0.0,
2021-09-02,15693,10.65,0.0,
2021-09-03,10043,7.26,0.0,
2021-09-04,19203,12.91,0.0,
2021-09-05,8883,5.79,0.0,
2021-09-06,12100,7.87,0.0,
2021-09-07,14583,10.1,0.0,
2021-09-08,7490,5.02,0.0,
2021-09-09,10057,6.66,0.0,
2021-09-10,8107,5.9,0.0,
2021-09-11,16858,11.04,0.0,
2021-09-12,4654,2.94,0.0,
2021-09-13,9696,6.42,0.0,
2021-09-14,11839,7.77,0.0,
2021-09-15,11918,8.66,0.0,
2021-09-16,11215,7.58,0.0,
2021-09-17,20053,14.18,0.0,
2021-09-18,16963,12.16,0.0,
2021-09-19,25718,18.78,0.0,
2021-09-20,17894,11.91,0.0,
2021-09-21,16626,12.01,0.0,
2021-09-22,21576,15.3,0.0,
2021-09-23,9130,6.16,0.0,
2021-09-24,11682,9.07,0.0,
2021-09-25,6241,4.17,0.0,
2021-09-26,13304,9.58,0.0,
2021-09-27,13506,9.02,0.0,
2021-09-28,6110,4.35,0.0,
2021-09-29,7624,5.48,0.0,
2021-09-30,4671,3.49,0.0,
2021-10-01,8759,6.79,0.0,
2021-10-02,33599,22.61,0.0,
2021-10-03,12117,8.34,0.0,
2021-10-04,5922,4.25,0.0,
2021-10-05,7685,5.26,0.0,
2021-10-06,8478,5.72,0.0,
2021-10-07,3181,2.29,0.0,
2021-10-08,22991,19.84,0.0,
2021-10-09,11061,7.46,0.0,
2021-10-10,16077,11.42,0.0,
2021-10-11,5983,4.37,0.0,
2021-10-12,7483,5.07,0.0,
2021-10-13,2448,1.61,0.0,
2021-10-14,8981,6.33,0.0,
2021-10-15,2283,1.59,0.0,
2021-10-16,8310,5.67,0.0,
2021-10-17,17553,10.91,0.0,
2021-10-18,2202,1.44,0.0,
2021-10-19,8470,5.99,0.0,
2021-10-20,10141,7.15,0.0,
2021-10-21,3027,2.25,0.0,
2021-10-22,10755,7.48,0.0,
2021-10-23,15537,10.72,0.0,
2021-10-24,6937,5.12,0.0,
2021-10-25,5821,4.09,0.0,
2021-10-26,870,0.54,0.0,
2021-10-27,5146,3.23,0.0,
2021-10-28,18354,12.75,0.0,
2021-10-29,14248,9.94,0.0,
2021-10-30,9753,6.62,0.0,
2021-10-31,2222,1.47,0.0,
2021-11-01,9532,6.61,0.0,
2021-11-02,4031,2.65,0.0,
2021-11-03,5009,3.34,0.0,
2021-11-04,2253,1.46,0.0,
2021-11-05,6116,4.42,0.0,
2021-11-06,10478,7.73,0.0,
2021-11-07,4607,3.24,0.0,
2021-11-08,5991,4.26,0.0,
2021-11-09,6499,4.74,0.0,
2021-11-10,9174,6.31,0.0,
2021-11-11,5418,3.72,0.0,
2021-11-12,9990,7.04,0.0,
2021-11-13,15483,11.07,0.0,
2021-11-14,7677,5.15,0.0,
2021-11-15,6055,4.01,0.0,
2021-11-16,4879,3.17,0.0,
2021-11-17,6546,4.36,0.0,
2021-11-18,8104,5.16,0.0,
2021-11-19,9904,6.39,0.0,
2021-11-20,8605,6.05,0.0,
2021-11-21,8087,5.68,0.0,
2021-11-22,9445,6.54,0.0,
2021-11-23,4348,3.07,0.0,
2021-11-24,4434,3.07,0.0,
2021-11-25,7737,5.27,0.0,
2021-11-26,15555,11.12,0.0,
2021-11-27,10979,7.32,0.0,
2021-11-28,11048,8.22,0.0,
2021-11-29,6317,4.26,0.0,
2021-11-30,6003,4.58,0.0,
2021-12-01,8298,5.55,0.0,
2021-12-02,6672,4.81,0.0,
2021-12-03,11388,8.81,0.0,
2021-12-04,14592,10.64,0.0,
2021-12-05,19068,12.84,0.0,
2021-12-06,5332,3.87,0.0,
2021-12-07,4903,3.63,0.0,
2021-12-08,13808,9.76,0.0,
2021-12-09,7138,5.0,0.0,
2021-12-10,6964,5.2,0.0,
2021-12-11,8130,5.57,0.0,
2021-12-12,4504,3.19,0.0,
2021-12-13,3658,2.84,0.0,
2021-12-14,3202,2.28,0.0,
2021-12-15,1780,1.14,0.0,
2021-12-16,9141,6.35,0.0,
2021-12-17,11142,8.4,0.0,
2021-12-18,9308,6.72,0.0,
2021-12-19,4840,3.25,0.0,
2021-12-20,3594,2.41,0.0,
2021-12-21,13175,8.99,0.0,
2021-12-22,22531,15.17,0.0,
2021-12-23,10191,6.75,0.0,
2021-12-24,5713,4.09,0.0,
2021-12-25,4695,3.32,0.0,
2021-12-26,4712,3.43,0.0,
2021-12-27,14035,9.48,0.0,
2021-12-28,7513,5.28,0.0,
2021-12-29,15596,10.5,0.0,
2021-12-30,11575,8.26,0.0,
2021-12-31,10545,7.25,0.0,
2022-01-01,4462,2.87,0.0,
2022-01-02,5631,3.69,0.0,
2022-01-03,9016,6.79,0.0,
2022-01-04,3842,2.51,0.0,
2022-01-05,4608,3.13,0.0,
2022-01-06,10021,6.89,0.0,
2022-01-07,10271,6.56,0.0,
2022-01-08,14426,10.42,0.0,
2022-01-09,9781,6.89,0.0,
2022-01-10,2817,1.92,0.0,
2022-01-11,1690,1.05,0.0,
2022-01-12,7340,4.97,0.0,
2022-01-13,7233,5.24,0.0,
2022-01-14,6627,5.34,0.0,
2022-01-15,8490,6.59,0.0,
2022-01-16,4722,3.22,0.0,
2022-01-17,7602,5.23,0.0,
2022-01-18,6441,4.34,0.0,
2022-01-19,6577,4.69,0.0,
2022-01-20,4277,2.94,0.0,
2022-01-21,7474,4.98,0.0,
2022-01-22,4599,2.95,0.0,
2022-01-23,13040,9.11,0.0,
2022-01-24,1586,1.04,0.0,
2022-01-25,4529,3.06,0.0,
2022-01-26,5965,4.28,0.0,
2022-01-27,7859,5.28,0.0,
2022-01-28,8121,5.93,0.0,
2022-01-29,8157,5.85,0.0,
2022-01-30,10747,7.14,0.0,
2022-01-31,3385,2.17,0.0,
2022-02-01,6256,4.31,0.0,
2022-02-02,4503,2.83,0.0,
2022-02-03,5644,3.98,0.0,
2022-02-04,5068,3.5,0.0,
2022-02-05,9895,6.9,0.0,
2022-02-06,9621,6.36,0.0,
2022-02-07,5723,3.94,0.0,
2022-02-08,7863,5.05,0.0,
2022-02-09,2034,1.38,0.0,
2022-02-10,10308,6.64,0.0,
2022-02-11,15317,10.39,0.0,
2022-02-12,4399,3.3,0.0,
2022-02-13,1515,1.12,0.0,
2022-02-14,1308,0.95,0.0,
2022-02-15,5787,4.03,0.0,
2022-02-16,8065,5.88,0.0,
2022-02-17,8293,6.07,0.0,
2022-02-18,2536,2.11,0.0,
2022-02-19,18034,15.46,0.0,
2022-02-20,19164,14.04,0.0,
2022-02-21,2513,2.11,0.0,
2022-02-22,7902,6.02,0.0,
2022-02-23,3379,2.86,0.0,
2022-02-24,4735,3.44,0.0,
2022-02-25,4639,3.22,0.0,
2022-02-26,11718,7.65,0.0,
2022-02-27,4967,3.63,0.0,
2022-02-28,3476,2.53,0.0,
2022-03-01,5963,4.37,0.0,
2022-03-02,5585,3.85,0.0,
2022-03-03,3928,2.62,0.0,
2022-03-04,2304,1.47,0.0,
2022-03-05,11799,8.25,0.0,
2022-03-06,4028,2.79,0.0,
2022-03-07,2116,1.49,0.0,
2022-03-08,3504,2.37,0.0,
2022-03-09,4593,2.94,0.0,
2022-03-10,2292,1.52,0.0,
2022-03-11,2211,1.45,0.0,
2022-03-12,3888,2.57,0.0,
2022-03-13,3958,2.77,0.0,
2022-03-14,6073,3.91,0.0,
2022-03-15,4376,2.79,0.0,
2022-03-16,1637,1.13,0.0,
2022-03-17,12947,8.72,0.0,
2022-03-18,18398,12.18,0.0,
2022-03-19,10397,7.52,0.0,
2022-03-20,22331,15.39,0.0,
2022-03-21,9846,7.22,0.0,
2022-03-22,9530,7.08,0.0,
2022-03-23,7367,5.46,0.0,
2022-03-24,2345,1.59,0.0,
2022-03-25,4794,3.07,0.0,
2022-03-26,10814,7.33,0.0,
2022-03-27,23699,14.95,0.0,
2022-03-28,1645,1.04,0.0,
2022-03-29,7887,4.92,0.0,
2022-03-30,10974,7.99,0.0,
2022-03-31,9350,6.48,0.0,
2022-04-01,10391,6.65,0.0,
2022-04-02,9714,6.84,0.0,
2022-04-03,16269,10.53,0.0,
2022-04-04,8583,5.53,0.0,
2022-04-05,7772,5.39,0.0,
2022-04-06,10167,6.88,0.0,
2022-04-07,4181,2.68,0.0,
2022-04-08,5522,3.69,0.0,
2022-04-09,5036,3.28,0.0,
2022-04-10,16341,9.81,0.0,
2022-04-11,5726,4.02,0.0,
2022-04-12,6133,4.05,0.0,
2022-04-13,11723,7.99,0.0,
2022-04-14,17673,11.63,0.0,
2022-04-15,5050,3.52,0.0,
2022-04-16,13402,9.54,0.0,
2022-04-17,8959,6.62,0.0,
2022-04-18,12376,8.33,0.0,
2022-04-19,6651,4.48,0.0,
2022-04-20,5957,4.01,0.0,
2022-04-21,5950,3.89,0.0,
2022-04-22,7204,5.53,0.0,
2022-04-23,13914,9.57,0.0,
2022-04-24,10713,6.94,0.0,
2022-04-25,6232,4.1,0.0,
2022-04-26,5178,3.57,0.0,
2022-04-27,14323,9.52,0.0,
2022-04-28,5904,4.11,0.0,
2022-04-29,13042,8.54,0.0,
2022-04-30,18507,12.09,0.0,
2022-05-01,16012,10.61,0.0,
2022-05-02,5091,3.27,0.0,
2022-05-03,6298,4.39,0.0,
2022-05-04,4500,3.02,0.0,
2022-05-05,11136,7.97,0.0,
2022-05-06,8657,5.88,0.0,
2022-05-07,14900,10.09,0.0,
2022-05-08,16431,10.81,0.0,
2022-05-09,4920,3.31,0.0,
2022-05-10,4095,2.71,0.0,
2022-05-11,8950,6.29,0.0,
2022-05-12,9436,6.92,0.0,
2022-05-13,14455,10.15,0.0,
2022-05-14,12417,9.46,0.0,
2022-05-15,9002,5.57,0.0,
2022-05-16,10518,7.32,0.0,
2022-05-17,6951,5.23,0.0,
2022-05-18,7219,4.95,0.0,
2022-05-19,6706,4.25,0.0,
2022-05-20,6058,4.59,0.0,
2022-05-21,4875,3.45,0.0,
2022-05-22,16366,11.31,0.0,
2022-05-23,8377,5.95,0.0,
2022-05-24,7216,5.15,0.0,
2022-05-25,14222,9.85,0.0,
2022-05-26,11648,7.14,0.0,
2022-05-27,13864,9.76,0.0,
2022-05-28,17999,12.45,0.0,
2022-05-29,4151,2.92,0.0,
2022-05-30,6172,4.24,0.0,
2022-05-31,9264,6.73,0.0,
2022-06-01,6194,4.4,0.0,
2022-06-02,7796,5.55,0.0,
2022-06-03,9287,6.29,0.0,
2022-06-04,13774,9.44,0.0,
2022-06-05,34872,23.8,0.0,
2022-06-06,14288,9.3,0.0,
2022-06-07,4876,3.18,0.0,
2022-06-08,4968,3.35,0.0,
2022-06-09,8841,6.54,0.0,
2022-06-10,9646,6.62,0.0,
2022-06-11,14832,10.64,0.0,
2022-06-12,6494,4.02,0.0,
2022-06-13,10129,6.98,0.0,
2022-06-14,17899,12.2,0.0,
2022-06-15,3771,2.38,0.0,
2022-06-16,5710,3.94,0.0,
2022-06-17,12397,8.66,0.0,
2022-06-18,8484,5.57,0.0,
2022-06-19,5428,3.65,0.0,
2022-06-20,11043,7.31,0.0,
2022-06-21,6957,5.06,0.0,
2022-06-22,10663,7.55,0.0,
2022-06-23,2372,1.54,0.0,
2022-06-24,5268,3.44,0.0,
2022-06-25,11156,7.91,0.0,
2022-06-26,49633,31.03,0.0,
2022-06-27,3129,2.09,0.0,
2022-06-28,13830,9.38,0.0,
2022-06-29,7078,4.53,0.0,
2022-06-30,10408,7.09,0.0,
2022-07-01,23183,16.22,0.0,
2022-07-02,12576,9.04,0.0,
2022-07-03,8346,5.57,0.0,
2022-07-04,5950,4.15,0.0,
2022-07-05,6697,4.43,0.0,
2022-07-06,7086,4.76,0.0,
2022-07-07,6406,4.26,0.0,
2022-07-08,5082,3.34,0.0,
2022-07-09,36642,24.54,0.0,
2022-07-10,11101,7.52,0.0,
2022-07-11,6259,4.36,0.0,
2022-07-12,6971,4.95,0.0,
2022-07-13,7148,4.98,0.0,
2022-07-14,10576,7.72,0.0,
2022-07-15,10852,7.6,0.0,
2022-07-16,11334,7.84,0.0,
2022-07-17,36780,29.97,0.0,
2022-07-18,8338,5.84,0.0,
2022-07-19,8923,5.77,0.0,
2022-07-20,6798,4.55,0.0,
2022-07-21,6495,4.36,0.0,
2022-07-22,7088,5.16,0.0,
2022-07-23,47423,31.7,0.0,
2022-07-24,15097,9.67,0.0,
2022-07-25,6425,4.41,0.0,
2022-07-26,7320,5.33,0.0,
2022-07-27,6035,3.9,0.0,
2022-07-28,12215,8.23,0.0,
2022-07-29,9046,6.2,0.0,
2022-07-30,29556,22.06,0.0,
2022-07-31,22115,14.12,0.0,
2022-08-01,1348,1.04,0.0,
2022-08-02,3222,2.35,0.0,
2022-08-03,6685,4.4,0.0,
2022-08-04,691,0.55,0.0,
2022-08-05,7118,5.34,0.0,
2022-08-06,4334,3.38,0.0,
2022-08-07,9875,6.95,0.0,
2022-08-08,9630,8.09,0.0,
2022-08-09,16639,10.55,0.0,
2022-08-10,9255,5.95,0.0,
2022-08-11,22027,17.15,0.0,
2022-08-12,10725,7.76,0.0,
2022-08-13,10747,7.0,0.0,
2022-08-14,6541,4.15,0.0,
2022-08-15,12394,8.37,0.0,
2022-08-16,5396,3.82,0.0,
2022-08-17,15013,10.34,0.0,
2022-08-18,14249,10.61,0.0,
2022-08-19,13506,9.94,0.0,
2022-08-20,9812,7.52,0.0,
2022-08-21,6894,5.27,0.0,
2022-08-22,7927,6.28,0.0,
2022-08-23,14274,10.94,0.0,
2022-08-24,12658,8.87,0.0,
2022-08-25,9350,6.88,0.0,
2022-08-26,13412,10.84,0.0,
2022-08-27,9097,7.09,0.0,
2022-08-28,8945,6.78,0.0,
2022-08-29,3004,2.22,0.0,
2022-08-30,9252,7.1,0.0,
2022-08-31,19641,13.92,0.0,
2022-09-01,11063,8.0,0.0,
2022-09-02,22429,16.5,0.0,
2022-09-03,6055,4.34,0.0,
2022-09-04,16654,12.37,0.0,
2022-09-05,9437,6.63,0.0,
2022-09-06,10013,6.84,0.0,
2022-09-07,8528,5.63,0.0,
2022-09-08,5486,3.57,0.0,
2022-09-09,6832,5.18,0.0,
2022-09-10,4745,3.68,0.0,
2022-09-11,20371,14.71,0.0,
2022-09-12,6525,4.58,50.0,
2022-09-13,1402,0.95,40.0,
2022-09-14,9662,6.79,343.0,
2022-09-15,13089,9.76,390.0,
2022-09-16,21819,16.18,758.0,
2022-09-17,14159,10.84,529.0,
2022-09-18,33793,25.45,1165.0,
2022-09-19,7002,5.0,261.0,
2022-09-20,4139,2.85,144.0,
2022-09-21,7404,5.37,276.0,
2022-09-22,8921,6.1,270.0,
2022-09-23,7863,5.51,280.0,
2022-09-24,22914,16.62,734.0,
2022-09-25,4915,3.33,165.0,
2022-09-26,673,0.44,21.0,
2022-09-27,5604,3.83,200.0,
2022-09-28,2816,1.88,95.0,
2022-09-29,7581,5.46,272.0,
2022-09-30,10591,7.9,419.0,
2022-10-01,5214,3.93,186.0,
2022-10-02,17518,11.74,466.0,
2022-10-03,1141,0.82,39.0,
2022-10-04,6977,4.82,239.0,
2022-10-05,5167,3.57,183.0,
2022-10-06,830,0.65,34.0,
2022-10-07,2408,1.74,90.0,
2022-10-08,2987,2.21,117.0,
2022-10-09,3622,2.59,153.0,
2022-10-10,10624,6.88,319.0,
2022-10-11,8325,5.91,263.0,
2022-10-12,8590,5.62,260.0,
2022-10-13,15226,10.34,465.0,
2022-10-14,13404,8.91,429.0,
2022-10-15,3977,2.83,163.0,
2022-10-16,25844,18.68,886.0,
2022-10-17,2616,1.93,95.0,
2022-10-18,5166,3.92,177.0,
2022-10-19,1286,0.91,34.0,
2022-10-20,7165,4.72,235.0,
2022-10-21,13714,9.87,422.0,
2022-10-22,44706,28.87,1225.0,
2022-10-23,39755,31.26,1494.0,
2022-10-24,19976,13.62,556.0,
2022-10-25,10469,7.09,348.0,
2022-10-26,6308,4.58,238.0,
2022-10-27,7117,5.11,224.0,
2022-10-28,7144,5.03,253.0,
2022-10-29,20124,13.13,513.0,
2022-10-30,14800,9.73,414.0,
2022-10-31,3821,3.11,172.0,
2022-11-01,4872,3.56,189.0,
2022-11-02,8191,5.19,184.0,
2022-11-03,5299,3.54,189.0,
2022-11-04,7413,5.58,279.0,
2022-11-05,6448,4.44,208.0,
2022-11-06,9230,6.3,261.0,
2022-11-07,4058,3.03,143.0,
2022-11-08,5306,3.68,211.0,
2022-11-09,3861,2.87,181.0,
2022-11-10,6286,4.5,221.0,
2022-11-11,5472,4.17,217.0,
2022-11-12,5578,3.64,149.0,
2022-11-13,8718,6.28,300.0,
2022-11-14,6503,4.18,187.0,
2022-11-15,8461,5.54,215.0,
2022-11-16,8623,5.49,282.0,
2022-11-17,8425,5.78,269.0,
2022-11-18,11405,7.75,394.0,
2022-11-19,10841,7.87,386.0,
2022-11-20,8498,6.11,290.0,
2022-11-21,4213,3.18,170.0,
2022-11-22,7195,4.92,248.0,
2022-11-23,4998,3.59,170.0,
2022-11-24,2430,1.62,75.0,
2022-11-25,3933,2.98,158.0,
2022-11-26,17068,13.57,756.0,
2022-11-27,24061,21.73,1129.0,
2022-11-28,2843,2.12,113.0,
2022-11-29,5481,3.95,210.0,
2022-11-30,5052,3.97,214.0,
2022-12-01,9626,7.75,396.0,
2022-12-02,11386,7.81,366.0,
2022-12-03,16020,10.55,522.0,
2022-12-04,28296,21.35,1004.0,
2022-12-05,26330,16.64,701.0,
2022-12-06,5993,4.14,222.0,
2022-12-07,4954,3.65,189.0,
2022-12-08,7459,5.12,268.0,
2022-12-09,7246,5.48,274.0,
2022-12-10,12602,8.28,384.0,
2022-12-11,2996,2.13,96.0,
2022-12-12,3801,2.85,136.0,
2022-12-13,3019,2.23,115.0,
2022-12-14,2094,1.49,70.0,
2022-12-15,7506,5.46,288.0,
2022-12-16,7420,5.44,271.0,
2022-12-17,9894,7.37,376.0,
2022-12-18,11941,8.76,489.0,
2022-12-19,10479,7.1,329.0,
2022-12-20,7597,5.04,231.0,
2022-12-21,6723,4.54,204.0,
2022-12-22,16998,11.64,486.0,
2022-12-23,7375,5.18,229.0,
2022-12-24,6318,4.27,139.0,
2022-12-25,4094,2.93,143.0,
2022-12-26,4684,3.33,152.0,
2022-12-27,5561,3.82,206.0,
2022-12-28,2456,1.83,86.0,
2022-12-29,3751,2.7,134.0,
2022-12-30,8370,6.37,329.0,
2022-12-31,5267,3.86,196.0,
2023-01-01,6675,4.6,237.0,
2023-01-02,6542,4.56,194.0,
2023-01-03,6831,5.07,264.0,
2023-01-04,8935,6.2,313.0,
2023-01-05,260,0.18,2.0,
2023-01-06,7669,5.89,308.0,
2023-01-07,3737,2.69,150.0,
2023-01-08,5300,3.67,165.0,
2023-01-09,8033,5.46,250.0,
2023-01-10,6528,4.47,223.0,
2023-01-11,7774,5.64,259.0,
2023-01-12,10135,6.97,334.0,
2023-01-13,13968,10.11,490.0,
2023-01-14,20192,15.44,745.0,
2023-01-15,13938,10.13,485.0,
2023-01-16,792,0.59,28.0,
2023-01-17,7664,5.48,286.0,
2023-01-18,4751,3.76,205.0,
2023-01-19,7607,5.46,284.0,
2023-01-20,8438,5.69,275.0,
2023-01-21,9584,6.47,316.0,
2023-01-22,2129,1.48,94.0,
2023-01-23,582,0.4,23.0,
2023-01-24,7769,5.4,267.0,
2023-01-25,6430,5.0,256.0,
2023-01-26,6753,4.76,267.0,
2023-01-27,8850,6.43,335.0,
2023-01-28,5057,3.53,186.0,
2023-01-29,2625,1.97,127.0,
2023-01-30,1511,1.11,65.0,
2023-01-31,3412,2.45,139.0,
2023-02-01,3688,2.72,138.0,
2023-02-02,5868,4.18,215.0,
2023-02-03,10433,7.88,405.0,
2023-02-04,4291,3.15,195.0,
2023-02-05,29982,19.49,906.0,
2023-02-06,6997,4.73,220.0,
2023-02-07,4783,3.4,182.0,
2023-02-08,10769,7.78,368.0,
2023-02-09,8600,5.81,221.0,
2023-02-10,13456,10.24,527.0,
2023-02-11,13449,9.69,464.0,
2023-02-12,2299,1.55,71.0,
2023-02-13,2977,2.11,148.0,
2023-02-14,3752,2.75,183.0,
2023-02-15,5512,4.2,233.0,
2023-02-16,7290,5.48,264.0,
2023-02-17,9167,6.62,341.0,
2023-02-18,17829,12.58,576.0,
2023-02-19,735,0.55,24.0,
2023-02-20,2572,1.85,93.0,
2023-02-21,7188,5.41,253.0,
2023-02-22,6546,5.1,254.0,
2023-02-23,7527,5.25,244.0,
2023-02-24,3695,2.83,147.0,
2023-02-25,3199,2.09,112.0,
2023-02-26,2274,1.99,139.0,
2023-02-27,1983,1.49,68.0,
2023-02-28,3822,2.62,128.0,
2023-03-01,4205,3.13,178.0,
2023-03-02,7383,5.54,281.0,
2023-03-03,5388,4.23,224.0,
2023-03-04,1780,1.36,79.0,
2023-03-05,4964,3.79,193.0,
2023-03-06,6222,4.36,198.0,
2023-03-07,7936,5.74,262.0,
2023-03-08,7427,5.42,274.0,
2023-03-09,9053,7.02,342.0,
2023-03-10,8514,6.44,356.0,
2023-03-11,11139,8.55,493.0,
2023-03-12,24794,15.31,630.0,
2023-03-13,3244,2.57,130.0,
2023-03-14,6065,4.29,206.0,
2023-03-15,3786,2.88,147.0,
2023-03-16,8612,6.35,284.0,
2023-03-17,4067,3.24,165.0,
2023-03-18,22174,15.54,658.0,
2023-03-19,8612,6.39,378.0,
2023-03-20,12768,9.14,419.0,
2023-03-21,5773,4.37,228.0,
2023-03-22,3630,2.75,138.0,
2023-03-23,5318,4.09,211.0,
2023-03-24,3035,2.25,113.0,
2023-03-25,4664,3.7,178.0,
2023-03-26,9324,6.5,282.0,
2023-03-27,6992,5.24,249.0,
2023-03-28,4152,3.26,177.0,
2023-03-29,9310,7.05,344.0,
2023-03-30,3244,2.36,150.0,
2023-03-31,6006,4.18,203.0,
2023-04-01,12265,8.35,389.0,
2023-04-02,12174,9.26,470.0,
2023-04-03,6132,4.24,191.0,
2023-04-04,10709,7.37,357.0,
2023-04-05,6127,4.27,201.0,
2023-04-06,6198,4.42,202.0,
2023-04-07,10544,7.45,345.0,
2023-04-08,5537,3.56,129.0,
2023-04-09,1747,1.15,43.0,
2023-04-10,2950,1.92,59.0,
2023-04-11,4317,2.91,103.0,
2023-04-12,6929,4.34,169.0,
2023-04-13,3156,2.16,90.0,
2023-04-14,2504,1.75,62.0,
2023-04-15,4395,2.97,144.0,
2023-04-16,11272,8.31,421.0,
2023-04-17,9567,7.14,331.0,
2023-04-18,895,0.62,29.0,
2023-04-19,3895,3.0,153.0,
2023-04-20,4812,3.52,188.0,
2023-04-21,3322,2.48,137.0,
2023-04-22,11254,8.49,469.0,
2023-04-23,2854,2.11,93.0,
2023-04-24,4217,2.94,142.0,
2023-04-25,7979,5.6,280.0,
2023-04-26,6550,4.95,246.0,
2023-04-27,6286,4.44,216.0,
2023-04-28,3055,2.26,113.0,
2023-04-29,10983,8.37,396.0,
2023-04-30,4834,3.42,152.0,
2023-05-01,3916,2.86,138.0,
2023-05-02,8257,6.08,295.0,
2023-05-03,11353,8.51,418.0,
2023-05-04,9792,7.26,367.0,
2023-05-05,7472,5.09,246.0,
2023-05-06,16218,11.46,583.0,
2023-05-07,15975,11.56,528.0,
2023-05-08,3104,2.4,132.0,
2023-05-09,4757,3.42,174.0,
2023-05-10,5778,4.39,225.0,
2023-05-11,9263,6.65,319.0,
2023-05-12,9195,6.32,333.0,
2023-05-13,17407,11.95,528.0,
2023-05-14,13199,8.87,411.0,
2023-05-15,7068,5.3,273.0,
2023-05-16,6407,4.6,218.0,
2023-05-17,6889,5.3,285.0,
2023-05-18,14927,10.54,467.0,
2023-05-19,17798,11.84,506.0,
2023-05-20,3874,2.76,156.0,
2023-05-21,3593,2.57,103.0,
2023-05-22,5586,4.17,198.0,
2023-05-23,10613,7.4,420.0,
2023-05-24,575,0.37,17.0,
2023-05-25,3873,2.96,146.0,
2023-05-26,5684,4.5,231.0,
2023-05-27,6424,4.69,228.0,
2023-05-28,7162,5.11,237.0,
2023-05-29,10523,7.76,425.0,
2023-05-30,6769,4.95,238.0,
2023-05-31,7590,5.39,258.0,
2023-06-01,5243,3.93,183.0,
2023-06-02,10258,7.83,416.0,
2023-06-03,9961,8.09,403.0,
2023-06-04,13686,10.77,537.0,
2023-06-05,2166,1.41,62.0,
2023-06-06,4749,3.64,164.0,
2023-06-07,8198,6.5,337.0,
2023-06-08,9884,7.65,385.0,
2023-06-09,6866,5.02,238.0,
2023-06-10,11305,8.61,461.0,
2023-06-11,29679,22.91,1039.0,
2023-06-12,3501,2.31,97.0,
2023-06-13,137,0.1,2.0,
2023-06-14,6918,5.65,295.0,
2023-06-15,15075,11.44,565.0,
2023-06-16,4853,3.81,211.0,
2023-06-17,5792,4.55,229.0,
2023-06-18,7025,5.46,285.0,
2023-06-19,1569,1.14,80.0,
2023-06-20,12422,8.56,407.0,
2023-06-21,19297,13.29,584.0,
2023-06-22,16,0.01,0.0,
2023-06-23,10300,8.45,425.0,
2023-06-24,19399,12.45,484.0,
2023-06-25,4784,3.79,203.0,
2023-06-26,7442,5.53,275.0,
2023-06-27,5950,4.3,216.0,
2023-06-28,11802,8.72,390.0,
2023-06-29,6983,5.15,248.0,
2023-06-30,6510,4.97,241.0,
2023-07-01,11857,9.44,487.0,
2023-07-02,9824,6.84,298.0,
2023-07-03,3269,2.39,122.0,
2023-07-04,7122,4.95,255.0,
2023-07-05,5988,4.58,238.0,
2023-07-06,7747,5.87,318.0,
2023-07-07,10379,7.59,351.0,
2023-07-08,27843,20.15,998.0,
2023-07-09,6831,5.01,254.0,
2023-07-10,713,0.49,27.0,
2023-07-11,8852,6.04,309.0,
2023-07-12,5718,4.04,219.0,
2023-07-13,6846,4.83,222.0,
2023-07-14,12522,8.91,383.0,
2023-07-15,10170,7.42,441.0,
2023-07-16,4551,3.16,154.0,
2023-07-17,4399,3.3,163.0,
2023-07-18,3045,2.27,97.0,
2023-07-19,5903,4.11,219.0,
2023-07-20,9748,7.43,335.0,
2023-07-21,15878,10.83,501.0,
2023-07-22,5377,4.03,198.0,
2023-07-23,10731,8.77,495.0,
2023-07-24,4195,3.28,179.0,
2023-07-25,17761,14.4,723.0,
2023-07-26,9986,7.39,340.0,
2023-07-27,13247,9.83,488.0,
2023-07-28,16083,10.53,447.0,
2023-07-29,5566,4.17,217.0,
2023-07-30,21508,15.58,711.0,
2023-07-31,1508,0.99,43.0,
2023-08-01,5933,4.62,225.0,
2023-08-02,8374,6.57,331.0,
2023-08-03,2666,2.13,113.0,
2023-08-04,2890,2.21,112.0,
2023-08-05,15458,10.7,525.0,
2023-08-06,4134,3.4,200.0,
2023-08-07,15500,11.61,564.0,
2023-08-08,4221,3.16,162.0,
2023-08-09,7544,5.78,292.0,
2023-08-10,12979,9.33,455.0,
2023-08-11,3446,2.54,151.0,
2023-08-12,3787,2.83,145.0,
2023-08-13,9949,6.78,305.0,
2023-08-14,1383,1.07,58.0,
2023-08-15,4754,3.72,205.0,
2023-08-16,7935,5.52,280.0,
2023-08-17,13123,9.51,470.0,
2023-08-18,21153,13.92,566.0,
2023-08-19,6859,5.26,259.0,
2023-08-20,7075,5.52,284.0,
2023-08-21,13077,9.39,473.0,
2023-08-22,10791,7.47,354.0,
2023-08-23,11121,7.46,368.0,
2023-08-24,8116,5.28,248.0,
2023-08-25,11833,7.8,351.0,
2023-08-26,15858,10.33,466.0,
2023-08-27,17501,11.82,653.0,
2023-08-28,10178,7.46,391.0,
2023-08-29,14574,10.4,474.0,
2023-08-30,22930,16.75,778.0,
2023-08-31,11686,9.13,434.0,
2023-09-01,15037,10.46,478.0,
2023-09-02,10362,7.59,340.0,
2023-09-03,24061,16.68,742.0,
2023-09-04,10640,8.26,389.0,
2023-09-05,17454,12.28,551.0,
2023-09-06,10826,7.09,279.0,
2023-09-07,13965,10.18,515.0,
2023-09-08,11997,8.67,364.0,
2023-09-09,21446,14.4,633.0,
2023-09-10,24669,17.39,740.0,
2023-09-11,11549,7.58,368.0,
2023-09-12,11722,8.15,381.0,
2023-09-13,4326,2.69,108.0,
2023-09-14,13971,9.3,413.0,
2023-09-15,11993,7.76,377.0,
2023-09-16,16093,11.0,491.0,
2023-09-17,14385,10.36,468.0,
2023-09-18,4834,3.15,136.0,
2023-09-19,14205,10.59,527.0,
2023-09-20,6113,4.42,269.0,
2023-09-21,6955,4.89,232.0,
2023-09-22,15130,10.53,493.0,
2023-09-23,22806,15.55,642.0,
2023-09-24,12817,8.6,401.0,
2023-09-25,12429,8.88,429.0,
2023-09-26,10959,7.53,339.0,
2023-09-27,1139,0.76,31.0,
2023-09-28,11971,8.04,395.0,
2023-09-29,15293,10.53,504.0,
2023-09-30,13033,9.15,411.0,
2023-10-01,8922,5.95,237.0,
2023-10-02,11209,7.3,347.0,
2023-10-03,14185,9.63,454.0,
2023-10-04,13368,9.72,419.0,
2023-10-05,17086,11.72,534.0,
2023-10-06,16485,11.33,503.0,
2023-10-07,7655,5.41,207.0,
2023-10-08,12350,8.28,335.0,
2023-10-09,6272,4.35,210.0,
2023-10-10,18547,12.27,622.0,
2023-10-11,9279,7.18,367.0,
2023-10-12,14175,9.79,484.0,
2023-10-13,17423,11.87,588.0,
2023-10-14,24348,15.88,677.0,
2023-10-15,15511,10.67,442.0,
2023-10-16,4580,3.44,162.0,
2023-10-17,20022,13.3,568.0,
2023-10-18,6373,4.4,213.0,
2023-10-19,10710,8.39,416.0,
2023-10-20,16930,13.61,697.0,
2023-10-21,13547,9.86,468.0,
2023-10-22,25118,17.65,746.0,
2023-10-23,1872,1.28,59.0,
2023-10-24,15888,12.39,606.0,
2023-10-25,12010,8.55,419.0,
2023-10-26,15813,11.67,536.0,
2023-10-27,15043,11.24,518.0,
2023-10-28,11351,8.72,417.0,
2023-10-29,13696,9.41,395.0,
2023-10-30,6373,4.61,213.0,
2023-10-31,10582,7.78,386.0,
2023-11-01,13764,10.0,554.0,
2023-11-02,11146,7.85,404.0,
2023-11-03,19030,15.09,771.0,
2023-11-04,7802,5.75,286.0,
2023-11-05,5280,4.24,207.0,
2023-11-06,5703,4.01,165.0,
2023-11-07,8765,6.55,323.0,
2023-11-08,12432,9.23,474.0,
2023-11-09,9193,6.37,341.0,
2023-11-10,16709,12.13,570.0,
2023-11-11,16534,11.93,460.0,
2023-11-12,14010,10.16,470.0,
2023-11-13,9495,6.84,337.0,
2023-11-14,5036,3.67,183.0,
2023-11-15,14742,10.83,559.0,
2023-11-16,11945,8.8,466.0,
2023-11-17,13872,10.32,515.0,
2023-11-18,26165,19.54,919.0,
2023-11-19,28318,19.95,837.0,
2023-11-20,6750,4.67,202.0,
2023-11-21,10939,8.05,425.0,
2023-11-22,11325,8.49,440.0,
2023-11-23,12453,9.18,472.0,
2023-11-24,19026,13.66,705.0,
2023-11-25,18118,12.66,550.0,
2023-11-26,9602,6.41,320.0,
2023-11-27,5574,4.31,214.0,
2023-11-28,11694,8.44,382.0,
2023-11-29,15609,11.12,582.0,
2023-11-30,12833,9.04,448.0,
2023-12-01,6364,4.85,265.0,
2023-12-02,8482,5.92,239.0,
2023-12-03,1064,0.74,34.0,
2023-12-04,1630,1.11,45.0,
2023-12-05,11810,8.71,469.0,
2023-12-06,12090,8.68,418.0,
2023-12-07,1012,0.71,37.0,
2023-12-08,11903,8.51,417.0,
2023-12-09,13085,9.19,454.0,
2023-12-10,7500,5.52,280.0,
2023-12-11,11161,7.64,334.0,
2023-12-12,13014,9.59,480.0,
2023-12-13,4474,3.44,177.0,
2023-12-14,11411,8.03,428.0,
2023-12-15,23331,17.27,779.0,
2023-12-16,22978,15.37,642.0,
2023-12-17,14100,10.43,537.0,
2023-12-18,4094,3.04,172.0,
2023-12-19,16619,12.01,595.0,
2023-12-20,10998,7.85,379.0,
2023-12-21,14725,10.75,512.0,
2023-12-22,13534,10.02,515.0,
2023-12-23,4504,3.29,180.0,
2023-12-24,6006,4.55,233.0,
2023-12-25,7535,5.27,250.0,
2023-12-26,6281,4.78,235.0,
2023-12-27,2082,1.45,75.0,
2023-12-28,12112,8.31,376.0,
2023-12-29,10415,7.4,359.0,
2023-12-30,15410,11.98,615.0,
2023-12-31,10046,7.06,356.0,
2024-01-01,7226,5.61,271.0,
2024-01-02,11047,7.22,367.0,
2024-01-03,11425,9.33,521.0,
2024-01-04,2708,1.88,98.0,
2024-01-05,16926,11.83,593.0,
2024-01-06,13181,9.52,432.0,
2024-01-07,13696,9.17,453.0,
2024-01-08,5254,3.84,171.0,
2024-01-09,11576,7.46,355.0,
2024-01-10,11930,8.4,412.0,
2024-01-11,14574,10.56,543.0,
2024-01-12,16796,11.61,578.0,
2024-01-13,20524,13.87,623.0,
2024-01-14,18415,11.76,464.0,
2024-01-15,8437,5.46,227.0,
2024-01-16,8347,5.51,265.0,
2024-01-17,7542,5.09,270.0,
2024-01-18,11072,7.59,373.0,
2024-01-19,14648,10.77,470.0,
2024-01-20,13618,10.66,507.0,
2024-01-21,9438,6.27,366.0,
2024-01-22,6964,4.96,213.0,
2024-01-23,12398,8.28,398.0,
2024-01-24,8799,6.06,308.0,
2024-01-25,12751,8.42,385.0,
2024-01-26,14280,10.12,464.0,
2024-01-27,11203,7.93,317.0,
2024-01-28,3653,2.46,121.0,
2024-01-29,9684,6.82,326.0,
2024-01-30,11323,8.43,451.0,
2024-01-31,13089,9.6,487.0,
2024-02-01,14756,10.58,459.0,
2024-02-02,14031,9.81,512.0,
2024-02-03,7322,5.71,329.0,
2024-02-04,6032,4.51,229.0,
2024-02-05,7115,5.13,276.0,
2024-02-06,9148,6.7,365.0,
2024-02-07,12844,9.16,477.0,
2024-02-08,13643,9.72,514.0,
2024-02-09,16915,12.41,588.0,
2024-02-10,13457,8.82,404.0,
2024-02-11,27462,20.53,1033.0,
2024-02-12,11426,9.23,447.0,
2024-02-13,15516,11.47,573.0,
2024-02-14,11041,7.71,331.0,
2024-02-15,14698,9.39,430.0,
2024-02-16,11030,7.52,293.0,
2024-02-17,14042,9.31,392.0,
2024-02-18,10906,7.34,304.0,
2024-02-19,9756,6.33,284.0,
2024-02-20,13603,9.41,447.0,
2024-02-21,14562,9.94,478.0,
2024-02-22,14954,10.74,531.0,
2024-02-23,22224,17.41,919.0,
2024-02-24,15035,11.13,545.0,
2024-02-25,21869,16.54,744.0,
2024-02-26,11114,8.17,424.0,
2024-02-27,12311,6.91,335.0,
2024-02-28,10456,7.18,380.0,
2024-02-29,11840,7.89,372.0,
2024-03-01,24435,16.1,724.0,
2024-03-02,25587,16.57,712.0,
2024-03-03,23189,15.71,693.0,
2024-03-04,10718,7.57,401.0,
2024-03-05,13324,9.92,511.0,
2024-03-06,13095,9.1,450.0,
2024-03-07,15039,10.45,555.0,
2024-03-08,16392,12.19,625.0,
2024-03-09,3213,2.3,95.0,
2024-03-10,1481,0.98,43.0,
2024-03-11,10753,8.42,457.0,
2024-03-12,9978,7.6,423.0,
2024-03-13,9957,6.66,332.0,
2024-03-14,15565,9.9,506.0,
2024-03-15,6285,4.25,220.0,
2024-03-16,8851,6.5,292.0,
2024-03-17,8425,6.27,226.0,
2024-03-18,9973,7.16,365.0,
2024-03-19,9474,6.2,258.0,
2024-03-20,13515,9.42,468.0,
2024-03-21,18862,12.27,570.0,
2024-03-22,6608,4.51,198.0,
2024-03-23,7054,4.77,214.0,
2024-03-24,13235,9.5,508.0,
2024-03-25,10838,8.09,361.0,
2024-03-26,18909,13.5,688.0,
2024-03-27,12745,9.47,511.0,
2024-03-28,14567,10.48,588.0,
2024-03-29,10362,8.05,390.0,
2024-03-30,31553,21.5,864.0,
2024-03-31,11615,7.6,361.0,
2024-04-01,9927,6.51,292.0,
2024-04-02,10633,7.6,339.0,
2024-04-03,14387,9.24,436.0,
2024-04-04,14027,10.11,491.0,
2024-04-05,13832,10.13,518.0,
2024-04-06,6190,4.96,221.0,
2024-04-07,10382,7.86,372.0,
2024-04-08,13138,8.9,419.0,
2024-04-09,12102,8.76,438.0,
2024-04-10,15013,10.87,498.0,
2024-04-11,13146,10.42,579.0,
2024-04-12,9422,6.68,324.0,
2024-04-13,12795,9.08,409.0,
2024-04-14,3620,2.48,108.0,
2024-04-15,11227,7.71,409.0,
2024-04-16,2855,1.98,109.0,
2024-04-17,10711,7.35,381.0,
2024-04-18,18643,13.38,656.0,
2024-04-19,11594,7.73,339.0,
2024-04-20,18035,12.77,654.0,
2024-04-21,3217,2.39,121.0,
2024-04-22,6116,4.12,198.0,
2024-04-23,10617,7.75,394.0,
2024-04-24,15078,10.15,478.0,
2024-04-25,9906,6.88,326.0,
2024-04-26,4981,3.53,150.0,
2024-04-27,18354,12.43,594.0,
2024-04-28,16071,10.75,473.0,
2024-04-29,15810,11.21,591.0,
2024-04-30,10145,6.79,329.0,
2024-05-01,9592,6.48,330.0,
2024-05-02,7983,5.24,272.0,
2024-05-03,13210,8.87,378.0,
2024-05-04,9188,5.98,257.0,
2024-05-05,22471,15.39,665.0,
2024-05-06,21900,15.8,714.0,
2024-05-07,13782,10.08,509.0,
2024-05-08,8263,6.23,303.0,
2024-05-09,3021,1.93,93.0,
2024-05-10,12588,9.37,417.0,
2024-05-11,17288,11.74,465.0,
2024-05-12,8996,6.22,240.0,
2024-05-13,10764,7.51,375.0,
2024-05-14,11160,7.28,341.0,
2024-05-15,34669,25.52,1677.0,
2024-05-16,13322,9.55,475.0,
2024-05-17,8704,6.83,354.0,
2024-05-18,9693,7.48,382.0,
2024-05-19,14018,10.65,477.0,
2024-05-20,13083,9.12,443.0,
2024-05-21,3030,1.83,89.0,
2024-05-22,14139,9.86,483.0,
2024-05-23,15191,11.2,561.0,
2024-05-24,13026,9.13,479.0,
2024-05-25,21974,15.33,710.0,
2024-05-26,7965,5.35,298.0,
2024-05-27,11022,7.74,402.0,
2024-05-28,8944,6.05,306.0,
2024-05-29,10743,7.71,339.0,
2024-05-30,4819,3.36,138.0,
2024-05-31,6885,5.28,274.0,
2024-06-01,4964,3.51,192.0,
2024-06-02,3428,2.6,109.0,
2024-06-03,13928,10.27,518.0,
2024-06-04,17279,13.36,736.0,
2024-06-05,9384,6.34,314.0,
2024-06-06,11286,8.31,443.0,
2024-06-07,16853,12.45,613.0,
2024-06-08,19554,13.66,568.0,
2024-06-09,13682,10.14,522.0,
2024-06-10,17912,15.49,434.0,
2024-06-11,18087,12.4,540.0,
2024-06-12,11709,8.1,411.0,
2024-06-13,13806,10.29,564.0,
2024-06-14,14957,10.92,501.0,
2024-06-15,18651,22.38,914.0,
2024-06-16,12291,9.05,473.0,
2024-06-17,12948,7.58,375.0,
2024-06-18,12912,8.67,412.0,
2024-06-19,17008,21.18,852.0,
2024-06-20,17518,13.74,742.0,
2024-06-21,18951,14.29,701.0,
2024-06-22,15714,11.0,502.0,
2024-06-23,13791,10.41,518.0,
2024-06-24,10799,8.05,423.0,
2024-06-25,17992,12.17,595.0,
2024-06-26,30180,24.52,1290.0,
2024-06-27,14961,10.59,461.0,
2024-06-28,17992,12.83,645.0,
2024-06-29,10707,8.13,394.0,
2024-06-30,14606,10.63,530.0,
2024-07-01,11826,8.56,415.0,
2024-07-02,6718,4.62,191.0,
2024-07-03,7379,10.24,669.0,
2024-07-04,8562,6.14,310.0,
2024-07-05,4943,3.39,188.0,
2024-07-06,12286,9.29,496.0,
2024-07-07,9973,13.76,941.0,
2024-07-08,9373,6.35,307.0,
2024-07-09,5807,4.14,216.0,
2024-07-10,7996,5.47,277.0,
2024-07-11,8244,5.63,317.0,
2024-07-12,5747,3.91,181.0,
2024-07-13,5719,4.3,252.0,
2024-07-14,9266,6.57,313.0,
2024-07-15,8084,5.39,274.0,
2024-07-16,11935,8.56,393.0,
2024-07-17,6443,4.74,254.0,
2024-07-18,10275,7.52,354.0,
2024-07-19,4356,2.86,121.0,
2024-07-20,10061,6.56,261.0,
2024-07-21,10887,7.35,387.0,
2024-07-22,5995,3.87,181.0,
2024-07-23,6778,4.42,218.0,
2024-07-24,6417,4.56,221.0,
2024-07-25,10559,8.07,432.0,
2024-07-26,6241,4.76,229.0,
2024-07-27,16240,11.82,596.0,
2024-07-28,1265,0.96,54.0,
2024-07-29,4392,2.91,126.0,
2024-07-30,7031,4.93,234.0,
2024-07-31,8895,5.87,256.0,
2024-08-01,8401,5.9,283.0,
2024-08-02,12991,9.47,399.0,
2024-08-03,16059,11.48,532.0,
2024-08-04,1298,0.9,54.0,
2024-08-05,6528,4.69,229.0,
2024-08-06,6168,4.32,201.0,
2024-08-07,9516,6.79,303.0,
2024-08-08,5708,3.78,162.0,
2024-08-09,8899,11.58,788.0,
2024-08-10,10799,7.0,307.0,
2024-08-11,16999,11.42,509.0,
2024-08-12,13117,9.25,476.0,
2024-08-13,4621,3.32,147.0,
2024-08-14,12367,13.69,913.0,
2024-08-15,13897,9.38,477.0,
2024-08-16,5888,10.02,800.0,
2024-08-17,12301,14.05,952.0,
2024-08-18,5578,4.0,184.0,
2024-08-19,13439,10.34,522.0,
2024-08-20,9866,6.82,313.0,
2024-08-21,13824,9.7,485.0,
2024-08-22,10418,7.19,314.0,
2024-08-23,12123,8.81,426.0,
2024-08-24,5271,4.15,243.0,
2024-08-25,3494,2.92,160.0,
2024-08-26,4529,3.15,156.0,
2024-08-27,7615,5.46,250.0,
2024-08-28,7030,4.85,237.0,
2024-08-29,8091,5.82,292.0,
2024-08-30,8690,6.77,356.0,
2024-08-31,9557,6.17,280.0,
2024-09-01,10352,8.0,361.0,
2024-09-02,15827,11.68,569.0,
2024-09-03,6751,4.56,231.0,
2024-09-04,10918,8.18,382.0,
2024-09-05,8313,5.6,257.0,
2024-09-06,6827,4.98,249.0,
2024-09-07,6791,4.65,243.0,
2024-09-08,11548,7.92,427.0,
2024-09-09,6614,5.16,275.0,
2024-09-10,8286,6.39,372.0,
2024-09-11,6406,4.36,210.0,
2024-09-12,6099,4.14,187.0,
2024-09-13,12801,16.4,1070.0,
2024-09-14,11901,7.88,365.0,
2024-09-15,8788,6.17,340.0,
2024-09-16,5123,3.75,188.0,
2024-09-17,5068,3.41,147.0,
2024-09-18,6493,4.14,193.0,
2024-09-19,6902,4.68,254.0,
2024-09-20,7943,5.43,269.0,
2024-09-21,14703,9.7,424.0,
2024-09-22,2272,1.84,105.0,
2024-09-23,6972,5.05,263.0,
2024-09-24,7009,4.85,252.0,
2024-09-25,8202,5.84,285.0,
2024-09-26,5448,3.88,191.0,
2024-09-27,10170,7.23,336.0,
2024-09-28,10241,7.48,361.0,
2024-09-29,11428,7.68,343.0,
2024-09-30,3976,2.76,133.0,
2024-10-01,6779,4.71,209.0,
2024-10-02,5521,3.86,196.0,
2024-10-03,6594,4.24,204.0,
2024-10-04,3447,2.41,113.0,
2024-10-05,22205,21.07,1295.0,
2024-10-06,5251,3.46,177.0,
2024-10-07,6535,4.28,203.0,
2024-10-08,9799,6.56,329.0,
2024-10-09,6938,4.56,201.0,
2024-10-10,7329,4.79,224.0,
2024-10-11,9039,6.12,309.0,
2024-10-12,8153,6.07,331.0,
2024-10-13,15085,10.08,443.0,
2024-10-14,5904,4.04,190.0,
2024-10-15,14917,21.79,1507.0,
2024-10-16,9753,6.9,388.0,
2024-10-17,5911,3.92,196.0,
2024-10-18,11217,7.6,357.0,
2024-10-19,9967,7.08,335.0,
2024-10-20,1162,0.87,44.0,
2024-10-21,8254,5.9,304.0,
2024-10-22,6142,4.29,208.0,
2024-10-23,7178,4.91,232.0,
2024-10-24,5933,3.96,229.0,
2024-10-25,5946,4.11,171.0,
2024-10-26,16582,11.19,409.0,
2024-10-27,17654,10.98,475.0,
2024-10-28,7009,4.85,248.0,
2024-10-29,12979,15.16,957.0,
2024-10-30,8442,5.79,320.0,
2024-10-31,9906,6.79,369.0,
2024-11-01,21823,14.65,659.0,
2024-11-02,5284,3.45,168.0,
2024-11-03,9012,9.49,608.0,
2024-11-04,4766,3.36,205.0,
2024-11-05,5644,4.13,222.0,
2024-11-06,10011,6.8,342.0,
2024-11-07,6045,4.12,244.0,
2024-11-08,7328,4.59,238.0,
2024-11-09,16321,11.28,533.0,
2024-11-10,18318,20.85,1313.0,
2024-11-11,11126,11.28,690.0,
2024-11-12,6455,4.26,226.0,
2024-11-13,6952,4.6,224.0,
2024-11-14,6146,3.94,197.0,
2024-11-15,10401,14.79,1023.0,
2024-11-16,24888,18.06,1918.0,
2024-11-17,7064,5.38,288.0,
2024-11-18,4451,3.04,169.0,
2024-11-19,12151,23.07,1736.0,
2024-11-20,6119,4.46,232.0,
2024-11-21,5844,4.58,276.0,
2024-11-22,8254,6.38,371.0,
2024-11-23,10619,8.06,378.0,
2024-11-24,14672,11.09,509.0,
2024-11-25,4360,3.25,187.0,
2024-11-26,6061,4.2,230.0,
2024-11-27,9332,6.62,344.0,
2024-11-28,16441,23.13,1587.0,
2024-11-29,8164,6.82,381.0,
2024-11-30,11712,9.29,483.0,
2024-12-01,7336,5.73,349.0,
2024-12-02,8791,6.09,323.0,
2024-12-03,16577,25.35,1766.0,
2024-12-04,10645,7.49,394.0,
2024-12-05,10506,8.74,492.0,
2024-12-06,10143,8.19,469.0,
2024-12-07,17999,14.78,779.0,
2024-12-08,10205,7.21,314.0,
2024-12-09,5982,4.66,275.0,
2024-12-10,6035,3.91,194.0,
2024-12-11,6827,4.81,274.0,
2024-12-12,8082,6.5,394.0,
2024-12-13,10980,13.14,886.0,
2024-12-14,13967,10.4,537.0,
2024-12-15,18302,13.2,593.0,
2024-12-16,6743,4.28,252.0,
2024-12-17,7279,4.71,226.0,
2024-12-18,7870,6.23,382.0,
2024-12-19,9109,7.38,423.0,
2024-12-20,12734,10.07,493.0,
2024-12-21,23078,16.46,690.0,
2024-12-22,13742,8.73,320.0,
2024-12-23,9179,5.8,267.0,
2024-12-24,7069,5.26,237.0,
2024-12-25,8262,5.91,230.0,
2024-12-26,8669,6.45,317.0,
2024-12-27,17428,12.58,599.0,
2024-12-28,27842,20.84,1010.0,
2024-12-29,4016,2.93,153.0,
2024-12-30,10746,8.79,463.0,
2024-12-31,10198,8.67,503.0,
2025-01-01,8951,6.4,267.0,
2025-01-02,6357,5.48,308.0,
2025-01-03,9175,7.96,440.0,
2025-01-04,4243,3.17,159.0,
2025-01-05,1537,1.51,94.0,
2025-01-06,464,0.3,6.0,
2025-01-07,4344,3.73,203.0,
2025-01-08,5201,3.69,180.0,
2025-01-09,9767,7.69,410.0,
2025-01-10,5795,4.85,273.0,
2025-01-11,9635,7.35,366.0,
2025-01-12,11520,10.07,606.0,
2025-01-13,8800,7.36,463.0,
2025-01-14,5804,4.48,270.0,
2025-01-15,9268,7.57,454.0,
2025-01-16,8588,6.82,376.0,
2025-01-17,6291,5.21,321.0,
2025-01-18,10198,8.0,433.0,
2025-01-19,8692,7.07,409.0,
2025-01-20,9957,8.26,492.0,
2025-01-21,14024,10.73,562.0,
2025-01-22,12337,9.79,479.0,
2025-01-23,8170,6.7,391.0,
2025-01-24,6679,5.68,350.0,
2025-01-25,6995,4.43,161.0,
2025-01-26,5745,4.3,267.0,
2025-01-27,8514,6.97,374.0,
2025-01-28,9168,7.06,383.0,
2025-01-29,6834,5.14,282.0,
2025-01-30,6465,5.2,301.0,
2025-01-31,9055,7.79,479.0,
2025-02-01,16983,13.39,695.0,
2025-02-02,11059,8.24,418.0,
2025-02-03,9723,7.67,465.0,
2025-02-04,8272,5.94,309.0,
2025-02-05,6162,4.91,294.0,
2025-02-06,11540,9.04,528.0,
2025-02-07,4573,3.48,224.0,
2025-02-08,16520,12.35,597.0,
2025-02-09,18641,13.1,700.0,
2025-02-10,9255,7.53,463.0,
2025-02-11,8806,6.2,334.0,
2025-02-12,12411,8.99,463.0,
2025-02-13,7758,5.92,382.0,
2025-02-14,8685,7.67,474.0,
2025-02-15,11286,8.58,456.0,
2025-02-16,9404,6.9,354.0,
2025-02-17,5197,3.97,206.0,
2025-02-18,11669,7.88,439.0,
2025-02-19,7200,5.41,284.0,
2025-02-20,7378,5.44,321.0,
2025-02-21,2034,1.63,80.0,
2025-02-22,8779,6.3,306.0,
2025-02-23,19721,16.0,867.0,
2025-02-24,5623,4.61,281.0,
2025-02-25,8144,6.89,413.0,
2025-02-26,12169,8.94,480.0,
2025-02-27,6314,4.24,254.0,
2025-02-28,7449,5.81,327.0,
2025-03-01,13421,9.5,441.0,
2025-03-02,10291,8.11,445.0,
2025-03-03,6105,4.28,240.0,
2025-03-04,7125,4.56,254.0,
2025-03-05,5311,4.44,277.0,
2025-03-06,9986,7.12,401.0,
2025-03-07,6347,5.19,284.0,
2025-03-08,18832,14.28,743.0,
2025-03-09,2969,2.27,77.0,
2025-03-10,5276,3.55,194.0,
2025-03-11,7044,5.12,285.0,
2025-03-12,10567,7.82,435.0,
2025-03-13,12001,8.69,446.0,
2025-03-14,2780,2.3,137.0,
2025-03-15,8467,6.69,323.0,
2025-03-16,4179,3.36,183.0,
2025-03-17,3386,2.78,152.0,
2025-03-18,8533,5.91,321.0,
2025-03-19,8640,6.24,353.0,
2025-03-20,7165,5.73,318.0,
2025-03-21,5452,4.19,229.0,
2025-03-22,5544,4.13,195.0,
2025-03-23,7721,6.14,343.0,
2025-03-24,7760,5.96,330.0,
2025-03-25,8166,6.22,325.0,
2025-03-26,7364,5.75,370.0,
2025-03-27,9735,7.56,408.0,
2025-03-28,7881,5.46,309.0,
2025-03-29,14159,9.45,458.0,
2025-03-30,12827,9.32,484.0,
2025-03-31,6722,4.47,257.0,
2025-04-01,6578,5.11,297.0,
2025-04-02,7677,5.18,284.0,
2025-04-03,10557,7.82,429.0,
2025-04-04,317,0.24,7.0,
2025-04-05,9128,7.78,406.0,
2025-04-06,1641,1.48,90.0,
2025-04-07,4787,3.47,221.0,
2025-04-08,6485,5.08,268.0,
2025-04-09,6796,4.85,256.0,
2025-04-10,9619,7.52,426.0,
2025-04-11,13832,11.18,606.0,
2025-04-12,21781,16.63,769.0,
2025-04-13,11785,7.83,385.0,
2025-04-14,7244,4.58,251.0,
2025-04-15,10228,7.88,400.0,
2025-04-16,5220,4.16,246.0,
2025-04-17,9571,7.61,466.0,
2025-04-18,19911,14.85,634.0,
2025-04-19,17586,13.82,634.0,
2025-04-20,14568,10.85,453.0,
2025-04-21,7294,5.85,293.0,
2025-04-22,6337,4.38,248.0,
2025-04-23,5427,4.51,272.0,
2025-04-24,5851,4.64,266.0,
2025-04-25,8187,5.54,246.0,
2025-04-26,10430,7.18,292.0,
2025-04-27,9528,6.41,340.0,
2025-04-28,7876,5.25,264.0,
2025-04-29,6693,5.29,327.0,
2025-04-30,8031,6.13,331.0,
2025-05-01,17793,13.34,615.0,
2025-05-02,8101,5.86,280.0,
2025-05-03,17441,13.18,668.0,
2025-05-04,8186,5.3,197.0,
2025-05-05,4071,2.89,175.0,
2025-05-06,5510,3.5,201.0,
2025-05-07,5483,4.03,195.0,
2025-05-08,13909,11.31,624.0,
2025-05-09,9659,7.12,323.0,
2025-05-10,36657,27.13,1297.0,
2025-05-11,2954,2.2,87.0,
2025-05-12,9067,6.67,347.0,
2025-05-13,9441,6.92,372.0,
2025-05-14,4551,3.18,170.0,
2025-05-15,17473,14.58,733.0,
2025-05-16,11577,9.04,449.0,
2025-05-17,29438,22.76,1056.0,
2025-05-18,14074,10.28,490.0,
2025-05-19,5300,3.58,197.0,
2025-05-20,6264,4.52,249.0,
2025-05-21,10451,7.53,379.0,
2025-05-22,8281,6.4,359.0,
2025-05-23,10874,8.08,467.0,
2025-05-24,13223,9.28,420.0,
2025-05-25,17547,14.36,716.0,
2025-05-26,10187,6.57,291.0,
2025-05-27,14114,9.31,405.0,
2025-05-28,16328,11.72,518.0,
2025-05-29,10106,7.77,407.0,
2025-05-30,21393,14.62,635.0,
2025-05-31,21496,15.6,807.0,
2025-06-01,23649,16.89,703.0,
2025-06-02,18350,13.7,601.0,
2025-06-03,8728,6.07,317.0,
2025-06-04,9090,6.37,322.0,
2025-06-05,9527,6.72,342.0,
2025-06-06,14951,12.72,689.0,
2025-06-07,11886,8.91,446.0,
2025-06-08,9164,6.98,355.0,
2025-06-09,12398,9.41,489.0,
2025-06-10,6606,4.46,237.0,
2025-06-11,8495,6.14,320.0,
2025-06-12,11911,10.0,535.0,
2025-06-13,8780,6.81,359.0,
2025-06-14,13456,9.17,424.0,
2025-06-15,20328,13.82,688.0,
2025-06-16,6222,4.3,210.0,
2025-06-17,7189,4.72,246.0,
2025-06-18,8652,5.87,324.0,
2025-06-19,9275,6.11,274.0,
2025-06-20,6654,4.81,251.0,
2025-06-21,35224,36.11,1994.0,
2025-06-22,8916,6.39,317.0,
2025-06-23,5326,3.97,243.0,
2025-06-24,10561,7.48,355.0,
2025-06-25,7030,4.66,234.0,
2025-06-26,4708,3.19,165.0,
2025-06-27,9445,7.64,423.0,
2025-06-28,22028,15.06,601.0,
2025-06-29,20259,13.65,553.0,
2025-06-30,2575,1.79,69.0,
2025-07-01,9906,6.4,308.0,
2025-07-02,8324,5.62,269.0,
2025-07-03,10677,7.75,374.0,
2025-07-04,8889,6.81,387.0,
2025-07-05,20944,15.42,673.0,
2025-07-06,9780,7.08,369.0,
2025-07-07,8361,6.72,385.0,
2025-07-08,8133,5.48,266.0,
2025-07-09,10444,7.23,406.0,
2025-07-10,6874,4.7,260.0,
2025-07-11,8634,6.51,300.0,
2025-07-12,19503,14.41,651.0,
2025-07-13,3784,2.56,100.0,
2025-07-14,11307,7.31,370.0,
2025-07-15,10002,7.09,349.0,
2025-07-16,10880,7.65,398.0,
2025-07-17,9553,7.21,407.0,
2025-07-18,7399,5.18,281.0,
2025-07-19,6370,4.89,248.0,
2025-07-20,9151,7.1,366.0,
2025-07-21,8068,6.18,362.0,
2025-07-22,11662,8.13,403.0,
2025-07-23,14251,9.59,450.0,
2025-07-24,3314,2.41,130.0,
2025-07-25,5677,4.09,173.0,
2025-07-26,9295,13.16,901.0,
2025-07-27,12828,8.98,398.0,
2025-07-28,5914,4.04,172.0,
2025-07-29,6322,4.46,189.0,
2025-07-30,3658,2.4,72.0,
2025-07-31,5229,3.44,111.0,
2025-08-01,6177,3.84,139.0,
2025-08-02,6109,3.85,172.0,
2025-08-03,4190,2.67,136.0,
2025-08-04,4010,2.51,77.0,
2025-08-05,5952,3.84,121.0,
2025-08-06,4503,2.99,178.0,
2025-08-07,5702,3.68,121.0,
2025-08-08,5528,3.56,108.0,
2025-08-09,11385,7.28,261.0,
2025-08-10,9394,6.38,222.0,
2025-08-11,6781,4.39,196.0,
2025-08-12,8098,5.54,226.0,
2025-08-13,5109,3.4,144.0,
2025-08-14,8438,5.49,192.0,
2025-08-15,14730,14.83,1137.0,
2025-08-16,3207,2.21,79.0,
2025-08-17,9832,6.63,254.0,
2025-08-18,5693,4.04,194.0,
2025-08-19,6788,5.03,296.0,
2025-08-20,6204,5.1,268.0,
2025-08-21,13385,11.59,602.0,
2025-08-22,7761,6.09,327.0,
2025-08-23,16543,11.14,453.0,
2025-08-24,14472,10.98,509.0,
2025-08-25,9522,7.37,438.0,
2025-08-26,14728,10.04,525.0,
2025-08-27,8572,6.25,366.0,
2025-08-28,9329,6.6,357.0,
2025-08-29,7539,6.24,320.0,
2025-08-30,6307,4.87,255.0,
2025-08-31,28296,21.22,974.0,
2025-09-01,5727,4.06,229.0,
2025-09-02,6332,4.35,223.0,
2025-09-03,8325,5.88,282.0,
2025-09-04,8019,6.13,372.0,
2025-09-05,8116,6.11,281.0,
2025-09-06,14566,10.97,569.0,
2025-09-07,14704,10.89,486.0,
2025-09-08,8871,6.02,338.0,
2025-09-09,10604,7.25,351.0,
2025-09-10,8121,5.39,313.0,
2025-09-11,12142,8.7,425.0,
2025-09-12,26559,19.09,817.0,
2025-09-13,16329,11.08,493.0,
2025-09-14,8991,6.26,354.0,
2025-09-15,6749,4.85,287.0,
2025-09-16,10434,7.27,464.0,
2025-09-17,7278,4.99,288.0,
2025-09-18,7003,4.88,295.0,
2025-09-19,10109,7.3,385.0,
2025-09-20,13404,8.13,445.0,
2025-09-21,5460,3.68,221.0,
2025-09-22,5628,3.35,202.0,
2025-09-23,5455,3.69,240.0,
2025-09-24,4033,2.46,135.0,
2025-09-25,10496,7.12,417.0,
2025-09-26,6240,4.39,218.0,
2025-09-27,15687,8.58,413.0,
2025-09-28,24258,14.3,624.0,
2025-09-29,11275,7.73,431.0,
2025-09-30,7476,5.22,303.0,
2025-10-01,4487,3.01,139.0,
2025-10-02,8765,6.22,365.0,
2025-10-03,4331,2.99,165.0,
2025-10-04,12800,9.49,562.0,
2025-10-05,24345,30.91,2208.0,
2025-10-06,5048,3.65,191.0,
2025-10-07,7062,4.45,226.0,
2025-10-08,8163,6.08,357.0,
2025-10-09,7083,5.11,293.0,
2025-10-10,14216,10.04,597.0,
2025-10-11,10221,6.91,382.0,
2025-10-12,5559,3.73,214.0,
2025-10-13,6582,3.83,230.0,
2025-10-14,7652,4.86,285.0,
2025-10-15,7274,4.94,279.0,
2025-10-16,8286,5.0,271.0,
2025-10-17,22487,15.68,806.0,
2025-10-18,6684,4.54,230.0,
2025-10-19,9565,6.04,300.0,
2025-10-20,7866,5.35,305.0,
2025-10-21,8689,5.88,355.0,
2025-10-22,7796,4.98,288.0,
2025-10-23,9698,6.37,371.0,
2025-10-24,9350,6.68,400.0,
2025-10-25,11245,7.23,336.0,
2025-10-26,25095,17.65,899.0,
2025-10-27,7931,5.39,291.0,
2025-10-28,8773,6.33,371.0,
2025-10-29,8565,6.17,332.0,
2025-10-30,9054,6.6,389.0,
2025-10-31,6313,4.87,263.0,
2025-11-01,29586,23.02,1170.0,
2025-11-02,831,0.6,35.0,
2025-11-03,8392,6.03,310.0,
2025-11-04,8136,5.63,316.0,
2025-11-05,10554,7.41,409.0,
2025-11-06,7329,5.56,310.0,
2025-11-07,10913,7.96,395.0,
2025-11-08,9712,7.48,431.0,
2025-11-09,22345,16.48,818.0,
2025-11-10,9771,6.49,331.0,
2025-11-11,11765,7.48,344.0,
2025-11-12,6643,4.14,222.0,
2025-11-13,7841,5.92,340.0,
2025-11-14,10327,7.53,417.0,
2025-11-15,11712,8.7,435.0,
2025-11-16,9195,6.33,305.0,
2025-11-17,7988,5.57,313.0,
2025-11-18,6983,5.65,331.0,
2025-11-19,6606,4.74,276.0,
2025-11-20,8954,6.41,334.0,
2025-11-21,8290,5.73,309.0,
2025-11-22,14142,9.69,484.0,
2025-11-23,8484,6.48,370.0,
2025-11-24,5796,3.79,205.0,
2025-11-25,6312,4.39,235.0,
2025-11-26,10802,7.52,376.0,
2025-11-27,8332,5.7,308.0,
2025-11-28,18371,11.3,526.0,
2025-11-29,19431,12.11,534.0,
2025-11-30,17860,11.81,515.0,
2025-12-01,7779,6.09,340.0,
2025-12-02,8278,5.55,304.0,
2025-12-03,6429,4.36,233.0,
2025-12-04,6669,4.55,301.0,
2025-12-05,10106,6.82,379.0,
2025-12-06,22863,15.24,642.0,
2025-12-07,10627,7.76,402.0,
2025-12-08,5238,3.6,196.0,
2025-12-09,8828,6.0,327.0,
2025-12-10,6214,4.1,186.0,
2025-12-11,7881,5.56,278.0,
2025-12-12,9116,6.69,402.0,
2025-12-13,9479,6.61,361.0,
2025-12-14,16625,11.41,520.0,
2025-12-15,7985,5.58,290.0,
2025-12-16,6155,4.23,243.0,
2025-12-17,8607,5.91,339.0,
2025-12-18,10526,8.54,521.0,
2025-12-19,14428,9.95,491.0,
2025-12-20,19816,13.66,736.0,
2025-12-21,8280,5.79,302.0,
2025-12-22,11053,9.03,480.0,
2025-12-23,11680,8.97,487.0,
2025-12-24,10498,8.07,530.0,
2025-12-25,6740,4.03,193.0,
2025-12-26,3666,2.25,84.0,
2025-12-27,7494,5.41,281.0,
2025-12-28,6538,4.95,262.0,
2025-12-29,11849,9.65,565.0,
2025-12-30,22452,15.73,712.0,
2025-12-31,9411,6.84,324.0,
2026-01-01,3729,2.93,158.0,
2026-01-02,5969,4.16,221.0,
2026-01-03,9230,6.73,371.0,
2026-01-04,5802,4.01,245.0,
2026-01-05,684,0.42,20.0,
2026-01-06,6964,5.08,285.0,
2026-01-07,7611,5.13,262.0,
2026-01-08,5839,3.86,223.0,
2026-01-09,9739,6.57,346.0,
2026-01-10,28603,18.82,935.0,
2026-01-11,5327,3.8,200.0,
2026-01-12,8210,5.3,296.0,
2026-01-13,1224,0.75,44.0,
2026-01-14,6284,4.52,277.0,
2026-01-15,7807,5.73,325.0,
2026-01-16,11191,8.03,430.0,
2026-01-17,13870,10.19,557.0,
2026-01-18,18937,13.52,603.0,
2026-01-19,9664,6.86,381.0,
2026-01-20,7248,4.74,293.0,
2026-01-21,8259,5.54,350.0,
2026-01-22,9942,7.19,427.0,
2026-01-23,6994,5.26,332.0,
2026-01-24,15301,11.43,562.0,
2026-01-25,18051,13.22,678.0,
2026-01-26,3762,2.76,152.0,
2026-01-27,5925,4.11,215.0,
2026-01-28,10145,7.47,398.0,
2026-01-29,7540,5.36,252.0,
2026-01-30,9847,7.34,390.0,
2026-01-31,8419,6.57,331.0,
2026-02-01,7202,5.31,334.0,
2026-02-02,6530,3.84,206.0,
2026-02-03,6184,3.86,215.0,
2026-02-04,8761,5.46,277.0,
2026-02-05,7911,5.33,306.0,
2026-02-06,20209,13.29,572.0,
2026-02-07,7337,4.4,158.0,
2026-02-08,3552,2.24,98.0,
2026-02-09,5369,3.52,133.0,
2026-02-10,4203,2.81,104.0,
2026-02-11,4517,3.08,115.0,
2026-02-12,7982,4.91,172.0,
2026-02-13,3679,2.37,96.0,
2026-02-14,6963,4.48,143.0,
2026-02-15,5523,3.65,216.0,
2026-02-16,8883,5.99,330.0,
2026-02-17,4439,3.48,209.0,
2026-02-18,6723,4.79,334.0,
2026-02-19,6427,4.58,286.0,
2026-02-20,7585,5.85,314.0,
2026-02-21,10965,8.2,405.0,
2026-02-22,10301,6.94,294.0,
2026-02-23,6859,4.56,269.0,
2026-02-24,7815,5.75,311.0,
2026-02-25,6956,5.09,301.0,
2026-02-26,6625,4.64,273.0,
2026-02-27,7203,5.17,295.0,
2026-02-28,16732,12.13,677.0,
2026-03-01,4769,3.41,210.0,
2026-03-02,10671,7.55,403.0,
2026-03-03,9194,7.11,480.0,
2026-03-04,8595,6.23,396.0,
2026-03-05,7964,6.01,347.0,
2026-03-06,14678,10.75,617.0,59.0
2026-03-07,27559,36.51,4132.0,53.0
2026-03-08,7609,5.44,399.0,60.0
2026-03-09,4397,3.43,284.0,73.0
2026-03-10,5174,4.14,210.0,65.0
2026-03-11,15494,11.81,933.0,59.0
2026-03-12,18027,14.78,2198.0,54.0
2026-03-13,22143,16.97,638.0,53.0
2026-03-14,12792,67.74,5181.0,54.0
2026-03-15,14583,14.36,668.0,54.0
2026-03-16,12773,9.3,987.0,51.0
2026-03-17,16169,13.44,2141.0,52.0
2026-03-18,10377,7.38,744.0,52.0
2026-03-19,17143,14.16,2251.0,54.0
2026-03-20,19201,13.6,662.0,
2026-03-21,14343,13.07,512.0,57.0
2026-03-22,12920,5.31,823.0,54.0
2026-03-23,6057,4.14,568.0,58.0
2026-03-24,5028,3.32,123.0,
2026-03-25,3124,2.0,70.0,
2026-03-26,3144,2.07,90.0,
2026-03-27,6632,5.88,175.0,56.0
2026-03-28,8265,6.84,1364.0,51.0
2026-03-29,11552,7.14,594.0,50.0
2026-03-30,18882,14.41,859.0,50.0
2026-03-31,29030,24.01,3382.0,48.0
2026-04-01,7807,5.63,366.0,54.0
2026-04-02,25186,20.64,1861.0,52.0
2026-04-03,27156,21.8,2075.0,55.0
2026-04-04,20411,16.48,2340.0,55.0
2026-04-05,17501,13.28,1080.0,55.0
2026-04-06,65306,53.13,3539.0,55.0
2026-04-07,4910,4.44,1246.0,51.0
2026-04-08,13312,9.23,1211.0,52.0
2026-04-09,17609,14.59,2663.0,52.0
2026-04-10,17457,14.3,1482.0,54.0
2026-04-11,16697,13.67,2249.0,57.0
2026-04-12,19888,14.42,708.0,55.0
2026-04-13,10731,7.93,1120.0,51.0
2026-04-14,23539,19.22,2645.0,52.0
2026-04-15,24023,19.03,1531.0,53.0
2026-04-16,11540,9.27,1722.0,56.0
2026-04-17,20520,15.44,1684.0,50.0
2026-04-18,33752,25.27,2495.0,57.0
2026-04-19,62504,64.53,6212.0,57.0
2026-04-20,9142,6.8,711.0,53.0
2026-04-21,18634,15.15,1311.0,53.0
2026-04-22,19287,15.51,1129.0,52.0
2026-04-23,14816,14.3,1020.0,51.0
2026-04-24,21738,19.36,1283.0,50.0
2026-04-25,40156,32.1,1957.0,51.0
2026-04-26,22176,20.51,1582.0,50.0
2026-04-27,10514,7.56,780.0,52.0
2026-04-28,23941,19.71,1788.0,55.0
2026-04-29,13438,9.86,801.0,52.0
2026-04-30,27631,23.13,1907.0,51.0
2026-05-01,21107,14.77,900.0,62.0
2026-05-02,41429,28.73,1428.0,56.0
2026-05-03,12270,9.83,617.0,54.0
2026-05-04,7059,4.92,261.0,58.0
2026-05-05,14710,11.99,965.0,52.0
2026-05-06,13491,10.22,845.0,51.0
2026-05-07,32249,25.46,2377.0,56.0
2026-05-08,34551,26.66,1958.0,59.0
2026-05-09,25955,17.78,858.0,
2026-05-10,15138,11.3,654.0,
2026-05-11,1463,1.03,71.0,59.0
2026-05-12,20259,16.96,1322.0,63.0
2026-05-13,29524,24.16,1550.0,61.0
2026-05-14,35285,27.08,2369.0,62.0
2026-05-15,15326,12.29,880.0,62.0
2026-05-16,34268,26.52,1605.0,50.0
2026-05-17,59548,46.37,3382.0,62.0
2026-05-18,15655,11.92,599.0,55.0
2026-05-19,28023,22.91,1823.0,56.0
2026-05-20,13646,10.64,572.0,52.0
2026-05-21,19854,15.55,828.0,54.0
2026-05-22,26876,20.72,1596.0,52.0
2026-05-23,59636,50.33,3359.0,59.0
2026-05-24,30064,19.87,930.0,52.0
2026-05-25,12090,9.61,498.0,58.0
2026-05-26,15814,12.24,889.0,51.0
2026-05-27,14392,10.7,818.0,50.0
2026-05-28,19792,15.72,1183.0,51.0
2026-05-29,13165,10.07,735.0,50.0
2026-05-30,8781,6.4,318.0,
2026-05-31,18513,14.65,765.0,
2026-06-01,7622,5.94,305.0,55.0
2026-06-02,11818,9.13,654.0,50.0
2026-06-03,11496,8.52,664.0,51.0
2026-06-04,22491,17.9,1133.0,55.0
2026-06-05,20327,14.85,1102.0,55.0
2026-06-06,10989,7.68,506.0,66.0
2026-06-07,3389,2.45,128.7,73.0
2026-06-08,7439,6.86,447.2,57.0
2026-06-09,7679,12.15,675.7,60.0
2026-06-10,8958,12.47,650.8,54.0
2026-06-11,12707,10.8,969.2,50.0
2026-06-12,14283,11.25,597.8,
2026-06-13,30512,22.31,1049.0,
2026-06-14,9809,7.47,377.4,59.0
2026-06-15,9651,7.23,380.5,52.0
2026-06-16,11312,14.48,1630.7,54.0
2026-06-17,8589,10.4,591.8,65.0
2026-06-18,15572,19.39,1199.3,52.0
2026-06-19,9509,10.17,557.8,56.0
2026-06-20,7338,5.72,334.4,
2026-06-21,35993,36.1,2025.3,60.0
2026-06-22,5760,5.64,530.6,61.0
2026-06-23,11069,13.39,988.5,53.0
2026-06-24,9646,9.38,576.0,51.0
2026-06-25,13171,15.0,779.4,51.0
2026-06-26,9736,11.02,675.7,51.0
2026-06-27,15922,13.85,983.0,59.0
2026-06-28,15481,10.97,556.2,74.0
2026-06-29,1119,0.85,47.7,
2026-06-30,6037,4.17,216.7,78.0
2026-07-01,18519,13.44,689.3,58.0
2026-07-02,11814,14.14,816.9,50.0
2026-07-03,8063,10.62,599.2,49.0
2026-07-04,25250,17.16,866.4,
2026-07-05,26225,23.31,1238.5,56.0
2026-07-06,6967,9.04,400.1,53.0
2026-07-07,12603,15.18,1545.6,47.0
2026-07-08,8134,11.27,744.8,55.0
2026-07-09,12177,13.71,1010.8,51.0
2026-07-10,12267,10.31,1121.3,52.0
2026-07-11,13919,14.88,894.9,56.0
2026-07-12,30749,29.82,1928.3,56.0
2026-07-13,4211,3.09,241.9,
2026-07-14,7217,4.47,232.5,
2026-07-15,9803,12.77,769.2,77.0
2026-07-16,7594,6.7,414.0,62.0
2026-07-17,7878,9.91,615.4,55.0
2026-07-18,13950,16.7,1063.8,65.0
2026-07-19,18413,23.18,1587.2,60.0
2026-07-20,6036,8.57,480.4,50.0
2026-07-21,5566,7.67,323.0,50.0
2026-07-22,10116,13.44,806.6,51.0
2026-07-23,15847,16.18,1361.4,51.0
2026-07-24,9747,7.44,431.3,
2026-07-25,10303,12.36,2936.5,56.0
2026-07-26,9313,8.1,586.4,56.0
2026-07-27,8157,11.34,638.5,57.0
2026-07-28,10074,13.12,794.8,57.0
2026-07-29,12104,13.73,644.4,58.0
2026-07-30,9659,13.16,1078.1,54.0
2026-07-31,5732,4.8,297.3,
2026-08-01,12601,16.66,803.9,60.0
2026-08-02,9873,13.66,707.7,64.0
2026-08-03,44088,47.19,3928.1,49.0
2026-08-04,31171,29.88,2664.8,53.0
2026-08-05,14377,16.1,620.2,55.0
2026-08-06,11926,16.88,788.6,52.0
2026-08-07,18147,20.65,1275.2,52.0
2026-08-08,11982,13.77,957.4,52.0
2026-08-09,10213,15.94,729.6,52.0
2026-08-10,24412,28.45,1639.4,56.0
2026-08-11,8678,10.3,408.7,60.0
2026-08-12,43104,39.75,3207.3,50.0
2026-08-13,14709,18.13,1101.6,57.0
2026-08-14,26892,22.64,1606.9,51.0
2026-08-15,27490,31.86,1808.1,51.0
2026-08-16,25850,29.11,1686.1,58.0
2026-08-17,8460,11.04,650.4,52.0
2026-08-18,14048,19.48,1304.1,50.0
2026-08-19,8822,11.11,620.3,52.0
2026-08-20,8113,6.24,380.4,
2026-08-21,10589,8.17,456.4,
2026-08-22,18924,13.84,847.4,
2026-08-23,1320,0.94,29.1,
2026-08-24,2979,2.24,153.7,
2026-08-25,10341,15.58,825.0,56.0
2026-08-26,12538,17.73,921.1,58.0
2026-08-27,9931,13.33,819.3,55.0
2026-08-28,9664,10.92,704.2,60.0
2026-08-29,21597,19.07,1115.3,60.0
2026-08-30,13862,10.02,924.0,61.0
2026-08-31,10439,12.64,676.3,59.0
2026-09-01,8411,11.95,673.9,54.0
2026-09-02,14382,17.81,1194.3,57.0
2026-09-03,11405,13.77,842.6,61.0
2026-09-04,10842,8.23,574.9,62.0
2026-09-05,7687,5.41,300.5,
2026-09-06,10651,6.35,301.5,63.0
2026-09-07,6875,6.28,281.1,54.0
2026-09-08,293,0.2,26.9,
