Activity_ID,Date,Start_Time,Activity_Name,Activity_Type,Primary_Category,Duration_min,Distance_km,Calories_kcal,Average_HR,Max_HR,Training_Effect,Notes
24477635769,2026-09-24,2026-09-24 06:38:00,CrossFit,indoor_cardio,Cardio / Cross-Training,49.9,0.0,604,147.0,198.0,SPEED,"4 rounds
15 Front Squats : 60Kg
500m rowing"
24471892604,2026-09-23,2026-09-23 18:04:39,Cardio,indoor_cardio,Cardio / Cross-Training,51.8,0.0,366,113.0,179.0,ANAEROBIC_CAPACITY,
24464848450,2026-09-23,2026-09-23 06:30:00,ATHX 2027: Upper Body Hypertrophy & Strict OHP,strength_training,Strength,53.7,0.0,374,113.0,157.0,AEROBIC_BASE,
24451660589,2026-09-22,2026-09-22 06:40:00,Lower Body A (Squat Focus) & Vertical Push Press,strength_training,Strength,62.0,0.0,349,109.0,165.0,ANAEROBIC_CAPACITY,
24447489780,2026-09-21,2026-09-21 20:28:41,Cardio,indoor_cardio,Cardio / Cross-Training,20.6,0.0,137,106.0,149.0,RECOVERY,
24391806619,2026-09-17,2026-09-17 07:15:12,Cardio,indoor_cardio,Cardio / Cross-Training,32.9,0.0,266,116.0,163.0,ANAEROBIC_CAPACITY,
24387056282,2026-09-16,2026-09-16 19:07:30,CrossFit ,indoor_cardio,Cardio / Cross-Training,47.3,0.0,483,133.0,171.0,SPEED,
24379065525,2026-09-16,2026-09-16 06:18:00,Upper-Body,strength_training,Strength,60.0,0.0,430,113.0,160.0,ANAEROBIC_CAPACITY,
24365724397,2026-09-15,2026-09-15 07:00:57,Treadmill Running,treadmill_running,Running,27.8,5.0,271,126.0,137.0,RECOVERY,
24353113405,2026-09-14,2026-09-14 06:28:38,Strength,strength_training,Strength,42.0,0.0,264,107.0,153.0,ANAEROBIC_CAPACITY,
24347510893,2026-09-13,2026-09-13 14:07:59,Squash,squash,Workout,39.2,0.12,379,131.0,160.0,AEROBIC_BASE,
24319615620,2026-09-11,2026-09-11 11:40:00,ATHX 2027: Lower Body B (Deadlift & Posterior Chain),strength_training,Strength,51.4,0.0,362,114.0,163.0,ANAEROBIC_CAPACITY,
24292490080,2026-09-09,2026-09-09 06:40:00,Upper-body Day,strength_training,Strength,50.1,0.0,341,112.0,139.0,AEROBIC_BASE,
24287114557,2026-09-08,2026-09-08 19:03:11,"ATHX 2027: Light Session - S2O Technique, Shoulders Prehab & Core",indoor_cardio,Cardio / Cross-Training,31.5,0.0,319,130.0,169.0,RECOVERY,
24285053565,2026-09-08,2026-09-08 16:39:20,Paris Running,running,Running,27.6,5.01,420,167.0,185.0,VO2MAX,
24266663499,2026-09-07,2026-09-07 06:39:00,Push,strength_training,Strength,44.6,0.0,342,115.0,151.0,AEROBIC_BASE,
24191921542,2026-09-01,2026-09-01 06:35:15,Leg Day,strength_training,Strength,51.5,0.0,372,112.0,164.0,ANAEROBIC_CAPACITY,
24147367955,2026-08-28,2026-08-28 12:47:00,Pull Day,strength_training,Strength,58.7,0.0,442,118.0,159.0,ANAEROBIC_CAPACITY,
24131970235,2026-08-27,2026-08-27 06:59:00,Leg Day,strength_training,Strength,42.3,0.0,327,116.0,184.0,ANAEROBIC_CAPACITY,
24118805692,2026-08-26,2026-08-26 06:43:00,Push day,strength_training,Strength,49.6,0.0,279,102.0,132.0,AEROBIC_BASE,
24111211775,2026-08-25,2026-08-25 16:01:00,Pull Day,strength_training,Strength,62.4,0.0,461,117.0,152.0,AEROBIC_BASE,
24031705146,2026-08-19,2026-08-19 07:16:00,Leg Day,strength_training,Strength,44.6,0.0,331,114.0,152.0,AEROBIC_BASE,
24026445362,2026-08-18,2026-08-18 19:03:36,Cross-training ,indoor_cardio,Cardio / Cross-Training,48.8,0.0,405,120.0,165.0,AEROBIC_BASE,
24018247989,2026-08-18,2026-08-18 06:55:00,Push Day,strength_training,Strength,61.2,0.0,424,112.0,173.0,ANAEROBIC_CAPACITY,
24005979319,2026-08-17,2026-08-17 06:53:00,Pull day,strength_training,Strength,77.8,0.0,501,120.0,161.0,ANAEROBIC_CAPACITY,
23974250400,2026-08-14,2026-08-14 11:39:07,Aurland Hiking,hiking,Workout,168.7,8.45,1036,111.0,157.0,AEROBIC_BASE,
23950092966,2026-08-12,2026-08-12 08:19:26,Odda Hiking,hiking,Workout,426.9,22.89,2708,117.0,159.0,AEROBIC_BASE,
23915467561,2026-08-09,2026-08-09 18:46:14,Upper body - [PRE_NORWAY],strength_training,Strength,78.0,0.0,586,122.0,159.0,ANAEROBIC_CAPACITY,
23894344525,2026-08-08,2026-08-08 07:11:15,Pull Day,strength_training,Strength,50.1,0.0,362,116.0,149.0,AEROBIC_BASE,
23882839498,2026-08-07,2026-08-07 07:39:41,Cardio,indoor_cardio,Cardio / Cross-Training,12.0,0.0,162,151.0,177.0,TEMPO,
23882754703,2026-08-07,2026-08-07 07:15:51,Push Day,strength_training,Strength,23.5,0.0,177,114.0,151.0,AEROBIC_BASE,
23870309286,2026-08-06,2026-08-06 06:51:00,Leg Day,strength_training,Strength,42.4,0.0,327,119.0,162.0,ANAEROBIC_CAPACITY,
23848672173,2026-08-04,2026-08-04 13:58:00,Pull Day,strength_training,Strength,53.9,0.0,451,124.0,144.0,AEROBIC_BASE,
23846819928,2026-08-04,2026-08-04 07:28:40,Annecy Walking,walking,Outdoor / Endurance,276.5,18.48,1937,128.0,165.0,AEROBIC_BASE,
23837062961,2026-08-03,2026-08-03 16:05:00,Push Day,strength_training,Strength,55.9,0.0,493,126.0,160.0,ANAEROBIC_CAPACITY,
23834518183,2026-08-03,2026-08-03 07:36:59,Annecy Walking,walking,Outdoor / Endurance,323.0,16.8,2473,131.0,174.0,AEROBIC_BASE,
23812230574,2026-08-01,2026-08-01 14:10:42,Strength,strength_training,Strength,50.6,0.0,342,108.0,148.0,AEROBIC_BASE,
23791817313,2026-07-30,2026-07-30 19:07:59,Cardio,indoor_cardio,Cardio / Cross-Training,51.0,0.0,515,132.0,176.0,SPEED,
23786361435,2026-07-30,2026-07-30 11:01:06,Strength,strength_training,Strength,50.6,0.0,437,123.0,157.0,ANAEROBIC_CAPACITY,
23777701975,2026-07-29,2026-07-29 16:30:01,Strength,strength_training,Strength,61.7,0.0,386,106.0,137.0,AEROBIC_BASE,
23767850616,2026-07-28,2026-07-28 19:04:29,Cardio,indoor_cardio,Cardio / Cross-Training,48.8,0.0,495,131.0,175.0,SPEED,
23767849451,2026-07-28,2026-07-28 11:42:28,Strength,strength_training,Strength,49.0,0.0,434,125.0,155.0,ANAEROBIC_CAPACITY,
23767848801,2026-07-27,2026-07-27 22:11:19,Bouldering,bouldering,Workout,40.3,0.0,355,124.0,159.0,SPEED,
23706415890,2026-07-23,2026-07-23 19:09:15,Cardio,indoor_cardio,Cardio / Cross-Training,49.2,0.0,590,144.0,185.0,SPEED,
23698912079,2026-07-23,2026-07-23 07:12:06,Strength,strength_training,Strength,48.0,0.0,385,118.0,150.0,ANAEROBIC_CAPACITY,
23686021858,2026-07-22,2026-07-22 06:30:38,Strength,strength_training,Strength,52.7,0.0,438,121.0,161.0,ANAEROBIC_CAPACITY,
23673195620,2026-07-21,2026-07-21 07:32:23,Strength,strength_training,Strength,37.5,0.0,328,121.0,153.0,ANAEROBIC_CAPACITY,
23660663184,2026-07-20,2026-07-20 06:33:09,Strength,strength_training,Strength,45.1,0.0,272,102.0,149.0,ANAEROBIC_CAPACITY,
23644231938,2026-07-18,2026-07-18 17:00:17,Strength,strength_training,Strength,54.8,0.0,460,123.0,166.0,ANAEROBIC_CAPACITY,
23626509121,2026-07-17,2026-07-17 06:51:53,Strength,strength_training,Strength,39.5,0.0,308,115.0,142.0,AEROBIC_BASE,
23622101963,2026-07-16,2026-07-16 18:57:45,Strength,strength_training,Strength,63.5,0.0,431,111.0,146.0,AEROBIC_BASE,
23550915169,2026-07-10,2026-07-10 19:30:09,Cardio,indoor_cardio,Cardio / Cross-Training,60.3,0.0,794,151.0,193.0,SPEED,
23543150524,2026-07-10,2026-07-10 06:35:01,Strength,strength_training,Strength,49.8,0.0,377,115.0,146.0,ANAEROBIC_CAPACITY,
23538715400,2026-07-09,2026-07-09 19:05:56,Cardio,indoor_cardio,Cardio / Cross-Training,49.9,0.0,471,127.0,184.0,SPEED,
23524575402,2026-07-08,2026-07-08 08:12:07,Strength,strength_training,Strength,53.0,0.0,429,120.0,160.0,ANAEROBIC_CAPACITY,
23524574947,2026-07-07,2026-07-07 19:09:02,Cardio,indoor_cardio,Cardio / Cross-Training,46.5,0.0,503,135.0,170.0,SPEED,
23506509498,2026-07-07,2026-07-07 06:54:58,Strength,strength_training,Strength,74.6,0.0,406,105.0,147.0,AEROBIC_BASE,
23461274545,2026-07-03,2026-07-03 07:16:20,Strength,strength_training,Strength,64.3,0.0,366,105.0,157.0,ANAEROBIC_CAPACITY,
23449496719,2026-07-02,2026-07-02 06:48:14,Strength,strength_training,Strength,52.4,0.0,391,113.0,158.0,ANAEROBIC_CAPACITY,
23449037829,2026-06-26,2026-06-26 17:54:10,Strength,strength_training,Strength,67.0,0.0,497,116.0,157.0,ANAEROBIC_CAPACITY,
23359886065,2026-06-24,2026-06-24 07:21:44,Strength,strength_training,Strength,41.0,0.0,272,107.0,149.0,AEROBIC_BASE,
23354764345,2026-06-23,2026-06-23 19:13:55,Cardio,indoor_cardio,Cardio / Cross-Training,45.0,0.0,492,133.0,178.0,SPEED,
23347530787,2026-06-23,2026-06-23 07:21:24,Strength,strength_training,Strength,41.1,0.0,226,97.0,146.0,AEROBIC_BASE,
23302120513,2026-06-19,2026-06-19 06:57:48,Strength,strength_training,Strength,53.2,0.0,276,95.0,125.0,UNKNOWN,
23299267534,2026-06-18,2026-06-18 19:17:26,Cardio,indoor_cardio,Cardio / Cross-Training,33.9,0.0,430,141.0,181.0,SPEED,
23299267246,2026-06-18,2026-06-18 06:37:51,Strength,strength_training,Strength,50.5,0.0,335,105.0,158.0,ANAEROBIC_CAPACITY,
23273074568,2026-06-16,2026-06-16 19:13:52,Cardio,indoor_cardio,Cardio / Cross-Training,39.2,0.0,433,134.0,180.0,AEROBIC_BASE,
23265450999,2026-06-16,2026-06-16 07:04:49,Strength,strength_training,Strength,62.8,0.0,463,113.0,162.0,ANAEROBIC_CAPACITY,
23214813700,2026-06-11,2026-06-11 19:06:30,Cardio,indoor_cardio,Cardio / Cross-Training,51.2,0.0,639,143.0,195.0,SPEED,
23207612015,2026-06-11,2026-06-11 06:36:37,Strength,strength_training,Strength,48.4,0.0,304,103.0,153.0,AEROBIC_BASE,
23195546767,2026-06-10,2026-06-10 06:19:28,Strength,strength_training,Strength,55.1,0.0,302,98.0,129.0,AEROBIC_BASE,
23183201056,2026-06-09,2026-06-09 06:55:06,Strength,strength_training,Strength,51.5,0.0,350,110.0,158.0,ANAEROBIC_CAPACITY,
23141296154,2026-06-05,2026-06-05 17:17:26,Strength,strength_training,Strength,36.5,0.0,312,119.0,145.0,AEROBIC_BASE,
23129826844,2026-06-04,2026-06-04 12:15:39,Strength,strength_training,Strength,55.3,0.0,385,108.0,145.0,AEROBIC_BASE,
23129826205,2026-06-03,2026-06-03 19:14:21,Strength,strength_training,Strength,45.0,0.0,358,114.0,159.0,ANAEROBIC_CAPACITY,
23103619374,2026-06-02,2026-06-02 15:01:30,Strength,strength_training,Strength,48.7,0.0,346,107.0,153.0,ANAEROBIC_CAPACITY,
23051754210,2026-05-29,2026-05-29 06:41:43,Strength,strength_training,Strength,46.0,0.0,259,97.0,148.0,AEROBIC_BASE,
23039821874,2026-05-28,2026-05-28 06:42:01,Strength,strength_training,Strength,62.2,0.0,435,109.0,160.0,ANAEROBIC_CAPACITY,
23027040139,2026-05-27,2026-05-27 06:06:09,Strength,strength_training,Strength,58.6,0.0,405,110.0,142.0,AEROBIC_BASE,
23017291024,2026-05-26,2026-05-26 11:27:24,Strength,strength_training,Strength,68.1,0.0,488,111.0,155.0,ANAEROBIC_CAPACITY,
22977851064,2026-05-23,2026-05-23 00:40:29,Cardio,indoor_cardio,Cardio / Cross-Training,229.0,0.0,1887,131.0,175.0,SPEED,
22967755226,2026-05-22,2026-05-22 07:25:42,Strength,strength_training,Strength,35.4,0.0,217,102.0,155.0,UNKNOWN,
22939208141,2026-05-19,2026-05-19 19:10:43,Cardio,indoor_cardio,Cardio / Cross-Training,56.4,0.0,572,132.0,184.0,SPEED,
22931440662,2026-05-19,2026-05-19 06:44:30,Strength,strength_training,Strength,57.0,0.0,396,109.0,142.0,AEROBIC_BASE,
22907415012,2026-05-17,2026-05-17 03:47:18,Cardio,indoor_cardio,Cardio / Cross-Training,87.1,0.0,1083,148.0,170.0,AEROBIC_BASE,
22899394365,2026-05-16,2026-05-16 11:32:53,Strength,strength_training,Strength,74.4,0.0,547,115.0,161.0,ANAEROBIC_CAPACITY,
22888480085,2026-05-15,2026-05-15 12:01:47,Strength,strength_training,Strength,69.9,0.0,483,110.0,152.0,ANAEROBIC_CAPACITY,
22867250067,2026-05-13,2026-05-13 15:18:44,Strength,strength_training,Strength,53.3,0.0,431,117.0,150.0,ANAEROBIC_CAPACITY,
22857953493,2026-05-12,2026-05-12 19:02:48,Cardio,indoor_cardio,Cardio / Cross-Training,50.4,0.0,640,142.0,189.0,SPEED,
22799965244,2026-05-07,2026-05-07 19:07:09,Cardio,indoor_cardio,Cardio / Cross-Training,39.3,0.0,505,146.0,185.0,SPEED,
22792964682,2026-05-07,2026-05-07 07:13:05,Strength,strength_training,Strength,45.8,0.0,347,111.0,149.0,AEROBIC_BASE,
22780992740,2026-05-06,2026-05-06 06:24:24,Strength,strength_training,Strength,67.7,0.0,481,113.0,144.0,AEROBIC_BASE,
22776317833,2026-05-05,2026-05-05 19:12:58,Cardio,indoor_cardio,Cardio / Cross-Training,40.6,0.0,452,135.0,193.0,SPEED,
22716755996,2026-04-30,2026-04-30 19:07:21,Cardio,indoor_cardio,Cardio / Cross-Training,42.2,0.0,484,137.0,170.0,SPEED,
22709889129,2026-04-30,2026-04-30 06:34:27,Strength,strength_training,Strength,79.9,0.0,489,103.0,167.0,AEROBIC_BASE,
22697786793,2026-04-29,2026-04-29 06:24:53,Strength,strength_training,Strength,65.6,0.0,488,116.0,155.0,AEROBIC_BASE,
22692973321,2026-04-28,2026-04-28 19:07:43,Cardio,indoor_cardio,Cardio / Cross-Training,52.2,0.0,623,138.0,190.0,SPEED,
22686639311,2026-04-28,2026-04-28 07:19:18,Strength,strength_training,Strength,81.1,0.0,633,120.0,153.0,ANAEROBIC_CAPACITY,
22673167748,2026-04-27,2026-04-27 06:16:22,Strength,strength_training,Strength,71.1,0.0,551,117.0,150.0,AEROBIC_BASE,
22661038068,2026-04-26,2026-04-26 07:59:18,Strength,strength_training,Strength,17.6,0.0,183,125.0,153.0,AEROBIC_BASE,
22660916366,2026-04-26,2026-04-26 07:30:24,Saint-Briac-sur-Mer Running,running,Running,21.9,4.01,329,154.0,179.0,TEMPO,
22649215278,2026-04-25,2026-04-25 07:59:00,Strength,strength_training,Strength,11.6,0.0,139,132.0,151.0,AEROBIC_BASE,
22649130351,2026-04-25,2026-04-25 07:28:25,Saint-Briac-sur-Mer Running,running,Running,26.3,4.14,360,148.0,165.0,AEROBIC_BASE,
22638404104,2026-04-24,2026-04-24 07:55:12,Strength,strength_training,Strength,12.6,0.0,148,131.0,152.0,AEROBIC_BASE,
22638294253,2026-04-24,2026-04-24 07:27:28,Saint-Briac-sur-Mer Running,running,Running,22.9,4.05,344,156.0,188.0,TEMPO,
22626460677,2026-04-23,2026-04-23 07:49:56,Strength,strength_training,Strength,8.8,0.0,106,131.0,150.0,AEROBIC_BASE,
22626376087,2026-04-23,2026-04-23 07:21:52,Saint-Briac-sur-Mer Running,running,Running,21.4,3.89,269,121.0,150.0,RECOVERY,
22614206958,2026-04-22,2026-04-22 07:03:49,Cardio,indoor_cardio,Cardio / Cross-Training,60.2,0.0,503,124.0,175.0,AEROBIC_BASE,
22609262201,2026-04-21,2026-04-21 19:05:42,Cardio,indoor_cardio,Cardio / Cross-Training,53.4,0.0,420,113.0,169.0,RECOVERY,
22601771683,2026-04-21,2026-04-21 07:20:51,Strength,strength_training,Strength,67.0,0.0,490,113.0,156.0,AEROBIC_BASE,
22597974880,2026-04-20,2026-04-20 20:08:33,Strength,strength_training,Strength,87.0,0.0,579,108.0,147.0,ANAEROBIC_CAPACITY,
22585189965,2026-04-19,2026-04-19 17:11:02,Paris Running,running,Running,55.7,9.37,829,159.0,185.0,LACTATE_THRESHOLD,
22577251976,2026-04-19,2026-04-19 01:54:55,Cardio,indoor_cardio,Cardio / Cross-Training,206.4,0.0,1418,114.0,157.0,AEROBIC_BASE,
22568587799,2026-04-18,2026-04-18 11:31:36,Cardio,indoor_cardio,Cardio / Cross-Training,48.3,0.0,691,152.0,188.0,SPEED,
22554759682,2026-04-17,2026-04-17 06:21:18,Strength,strength_training,Strength,57.3,0.0,436,112.0,146.0,AEROBIC_BASE,
22550488667,2026-04-16,2026-04-16 19:04:51,Cardio,indoor_cardio,Cardio / Cross-Training,56.8,0.0,676,137.0,190.0,SPEED,
22531032352,2026-04-15,2026-04-15 07:22:33,Strength,strength_training,Strength,34.6,0.0,276,114.0,161.0,AEROBIC_BASE,
22526052468,2026-04-14,2026-04-14 19:05:56,Cardio,indoor_cardio,Cardio / Cross-Training,43.4,0.0,444,126.0,169.0,RECOVERY,
22518867838,2026-04-14,2026-04-14 07:22:30,Strength,strength_training,Strength,67.4,0.0,477,111.0,152.0,ANAEROBIC_CAPACITY,
22506954377,2026-04-13,2026-04-13 06:20:53,Strength,strength_training,Strength,66.3,0.0,441,105.0,147.0,AEROBIC_BASE,
22486403916,2026-04-11,2026-04-11 11:30:46,Cardio,indoor_cardio,Cardio / Cross-Training,59.7,0.0,907,160.0,189.0,SPEED,
22473834365,2026-04-10,2026-04-10 07:25:39,Strength,strength_training,Strength,63.4,0.0,458,112.0,172.0,ANAEROBIC_CAPACITY,
22468910560,2026-04-09,2026-04-09 19:03:42,Cardio,indoor_cardio,Cardio / Cross-Training,52.4,0.0,637,138.0,183.0,SPEED,
22462336142,2026-04-09,2026-04-09 07:20:13,Strength,strength_training,Strength,71.7,0.0,547,116.0,152.0,ANAEROBIC_CAPACITY,
22448019208,2026-04-08,2026-04-08 06:17:22,Strength,strength_training,Strength,53.5,0.0,450,117.0,157.0,ANAEROBIC_CAPACITY,
22443126607,2026-04-07,2026-04-07 19:01:03,Cardio,indoor_cardio,Cardio / Cross-Training,48.5,0.0,610,141.0,187.0,SPEED,
22421580445,2026-04-06,2026-04-06 01:16:01,Cardio,indoor_cardio,Cardio / Cross-Training,92.2,0.0,760,125.0,161.0,AEROBIC_BASE,
22403102985,2026-04-04,2026-04-04 11:31:40,Cardio,indoor_cardio,Cardio / Cross-Training,58.6,0.0,856,155.0,187.0,SPEED,
22395668421,2026-04-03,2026-04-03 16:50:52,Strength,strength_training,Strength,54.3,0.0,487,121.0,160.0,ANAEROBIC_CAPACITY,
22379101905,2026-04-02,2026-04-02 07:20:50,Strength,strength_training,Strength,61.1,0.0,407,107.0,141.0,AEROBIC_BASE,
22363296790,2026-03-31,2026-03-31 19:10:27,Cardio,indoor_cardio,Cardio / Cross-Training,44.7,0.0,567,142.0,183.0,SPEED,
22356387708,2026-03-31,2026-03-31 07:25:13,Strength,strength_training,Strength,67.9,0.0,568,122.0,153.0,ANAEROBIC_CAPACITY,
22344653531,2026-03-29,2026-03-29 18:39:51,Relax and Focus (Short),breathwork,Workout,5.6,0.0,0,91.0,103.0,UNKNOWN,
22325926170,2026-03-28,2026-03-28 07:03:32,Strength,strength_training,Strength,65.6,0.0,624,125.0,161.0,ANAEROBIC_CAPACITY,
22317671979,2026-03-23,2026-03-23 07:25:51,Strength,strength_training,Strength,36.6,0.0,248,104.0,152.0,ANAEROBIC_CAPACITY,
22259497777,2026-03-22,2026-03-22 07:06:09,Strength,strength_training,Strength,59.8,0.0,366,102.0,143.0,AEROBIC_BASE,
22229949709,2026-03-19,2026-03-19 19:15:53,Cardio,indoor_cardio,Cardio / Cross-Training,34.6,0.0,422,138.0,172.0,SPEED,
22222921551,2026-03-19,2026-03-19 07:24:59,Strength,strength_training,Strength,54.0,0.0,455,120.0,157.0,ANAEROBIC_CAPACITY,
22220293461,2026-03-18,2026-03-18 06:14:53,Strength,strength_training,Strength,28.4,0.0,198,105.0,137.0,AEROBIC_BASE,
22206804455,2026-03-17,2026-03-17 19:11:01,Cardio,indoor_cardio,Cardio / Cross-Training,43.3,0.0,513,136.0,175.0,SPEED,
22199479910,2026-03-17,2026-03-17 07:25:32,Strength,strength_training,Strength,44.0,0.0,344,113.0,146.0,AEROBIC_BASE,
22188323314,2026-03-16,2026-03-16 06:12:26,Strength,strength_training,Strength,59.5,0.0,349,101.0,141.0,AEROBIC_BASE,
22171788657,2026-03-14,2026-03-14 13:37:18,Adelboden-Lenk - Silleren-Chuenisbargli/Hahnenmoos/Metsch Ski,resort_skiing,Workout,165.6,25.52,1388,129.0,178.0,SPEED,
22168589543,2026-03-14,2026-03-14 08:51:38,Adelboden-Lenk - Silleren-Chuenisbargli/Hahnenmoos/Metsch Ski,resort_skiing,Workout,184.1,32.62,1189,110.0,165.0,AEROBIC_BASE,
22152566756,2026-03-12,2026-03-12 19:04:49,Cardio,indoor_cardio,Cardio / Cross-Training,52.8,0.0,503,124.0,182.0,SPEED,
22145970901,2026-03-12,2026-03-12 07:16:45,Strength,strength_training,Strength,54.0,0.0,386,109.0,162.0,ANAEROBIC_CAPACITY,
22142373094,2026-03-11,2026-03-11 20:06:19,Yoga,yoga,Workout,56.3,0.0,233,89.0,124.0,UNKNOWN,
22090444616,2026-03-07,2026-03-07 11:34:14,Cardio,indoor_cardio,Cardio / Cross-Training,55.5,0.0,841,159.0,193.0,SPEED,
22088284500,2026-03-07,2026-03-07 08:49:03,Paris Running,running,Running,26.7,4.56,353,135.0,150.0,AEROBIC_BASE,
22088095407,2026-03-07,2026-03-07 08:38:46,Paris Running,running,Running,9.5,1.65,130,145.0,171.0,TEMPO,
